/*
Navicat MySQL Data Transfer

Source Server         : db_query
Source Server Version : 50617
Source Host           : localhost:3306
Source Database       : db_jxjy

Target Server Type    : MYSQL
Target Server Version : 50617
File Encoding         : 65001

Date: 2015-06-04 22:11:45
*/

SET FOREIGN_KEY_CHECKS=0;
-- ----------------------------
-- Table structure for `act_evt_log`
-- ----------------------------
DROP TABLE IF EXISTS `act_evt_log`;
CREATE TABLE `act_evt_log` (
  `LOG_NR_` bigint(20) NOT NULL AUTO_INCREMENT,
  `TYPE_` varchar(64) COLLATE utf8_bin DEFAULT NULL,
  `PROC_DEF_ID_` varchar(64) COLLATE utf8_bin DEFAULT NULL,
  `PROC_INST_ID_` varchar(64) COLLATE utf8_bin DEFAULT NULL,
  `EXECUTION_ID_` varchar(64) COLLATE utf8_bin DEFAULT NULL,
  `TASK_ID_` varchar(64) COLLATE utf8_bin DEFAULT NULL,
  `TIME_STAMP_` timestamp(3) NOT NULL DEFAULT CURRENT_TIMESTAMP(3) ON UPDATE CURRENT_TIMESTAMP(3),
  `USER_ID_` varchar(255) COLLATE utf8_bin DEFAULT NULL,
  `DATA_` longblob,
  `LOCK_OWNER_` varchar(255) COLLATE utf8_bin DEFAULT NULL,
  `LOCK_TIME_` timestamp(3) NULL DEFAULT NULL,
  `IS_PROCESSED_` tinyint(4) DEFAULT '0',
  PRIMARY KEY (`LOG_NR_`)
) ENGINE=InnoDB DEFAULT CHARSET=utf8 COLLATE=utf8_bin;

-- ----------------------------
-- Records of act_evt_log
-- ----------------------------

-- ----------------------------
-- Table structure for `act_ge_bytearray`
-- ----------------------------
DROP TABLE IF EXISTS `act_ge_bytearray`;
CREATE TABLE `act_ge_bytearray` (
  `ID_` varchar(64) COLLATE utf8_bin NOT NULL DEFAULT '',
  `REV_` int(11) DEFAULT NULL,
  `NAME_` varchar(255) COLLATE utf8_bin DEFAULT NULL,
  `DEPLOYMENT_ID_` varchar(64) COLLATE utf8_bin DEFAULT NULL,
  `BYTES_` longblob,
  `GENERATED_` tinyint(4) DEFAULT NULL,
  PRIMARY KEY (`ID_`),
  KEY `ACT_FK_BYTEARR_DEPL` (`DEPLOYMENT_ID_`),
  CONSTRAINT `ACT_FK_BYTEARR_DEPL` FOREIGN KEY (`DEPLOYMENT_ID_`) REFERENCES `act_re_deployment` (`ID_`)
) ENGINE=InnoDB DEFAULT CHARSET=utf8 COLLATE=utf8_bin;

-- ----------------------------
-- Records of act_ge_bytearray
-- ----------------------------
INSERT INTO `act_ge_bytearray` VALUES ('2', '1', 'XBHS-ES.bpmn20.xml', '1', 0x3C3F786D6C2076657273696F6E3D22312E302220656E636F64696E673D225554462D38223F3E0A3C646566696E6974696F6E7320786D6C6E733D22687474703A2F2F7777772E6F6D672E6F72672F737065632F42504D4E2F32303130303532342F4D4F44454C2220786D6C6E733A7873693D22687474703A2F2F7777772E77332E6F72672F323030312F584D4C536368656D612D696E7374616E63652220786D6C6E733A61637469766974693D22687474703A2F2F61637469766974692E6F72672F62706D6E2220786D6C6E733A62706D6E64693D22687474703A2F2F7777772E6F6D672E6F72672F737065632F42504D4E2F32303130303532342F44492220786D6C6E733A6F6D6764633D22687474703A2F2F7777772E6F6D672E6F72672F737065632F44442F32303130303532342F44432220786D6C6E733A6F6D6764693D22687474703A2F2F7777772E6F6D672E6F72672F737065632F44442F32303130303532342F44492220747970654C616E67756167653D22687474703A2F2F7777772E77332E6F72672F323030312F584D4C536368656D61222065787072657373696F6E4C616E67756167653D22687474703A2F2F7777772E77332E6F72672F313939392F585061746822207461726765744E616D6573706163653D22687474703A2F2F7777772E61637469766974692E6F72672F74657374223E0A20203C70726F636573732069643D227862687373712D657322206E616D653D22E58588E58A9EE5908EE5AEA1E4B89AE58AA1E794B3E8AFB728E4BA8CE5AEA129223E0A202020203C73746172744576656E742069643D2273746172746576656E743122206E616D653D225374617274223E3C2F73746172744576656E743E0A202020203C757365725461736B2069643D2277662D7862687373712D65735F737461727422206E616D653D22E58F91E8B5B7E6B581E7A88B222061637469766974693A63616E64696461746555736572733D22247B61737369676E65657D223E3C2F757365725461736B3E0A202020203C757365725461736B2069643D2277662D7862687373712D65735F637322206E616D653D22E5889DE5AEA1222061637469766974693A63616E64696461746555736572733D22247B61737369676E65657D223E0A2020202020203C646F63756D656E746174696F6E3E2F74736D2F796273782F667073782F66707378676C2F66707378676C2E646F3F7378737173703C2F646F63756D656E746174696F6E3E0A202020203C2F757365725461736B3E0A202020203C656E644576656E742069643D22656E646576656E743122206E616D653D22456E64223E3C2F656E644576656E743E0A202020203C757365725461736B2069643D2277662D7862687373712D65735F7A7322206E616D653D22E7BB88E5AEA1222061637469766974693A63616E64696461746555736572733D22247B61737369676E65657D223E0A2020202020203C646F63756D656E746174696F6E3E2F74736D2F796273782F667073782F66707378676C2F66707378676C2E646F3F7378737173703C2F646F63756D656E746174696F6E3E0A202020203C2F757365725461736B3E0A202020203C73657175656E6365466C6F772069643D22666C6F773122206E616D653D222220736F757263655265663D2273746172746576656E743122207461726765745265663D2277662D7862687373712D65735F7374617274223E3C2F73657175656E6365466C6F773E0A202020203C73657175656E6365466C6F772069643D22666C6F773222206E616D653D222220736F757263655265663D2277662D7862687373712D65735F737461727422207461726765745265663D2277662D7862687373712D65735F6373223E3C2F73657175656E6365466C6F773E0A202020203C73657175656E6365466C6F772069643D22666C6F773322206E616D653D222220736F757263655265663D2277662D7862687373712D65735F637322207461726765745265663D2277662D7862687373712D65735F7A73223E3C2F73657175656E6365466C6F773E0A202020203C73657175656E6365466C6F772069643D22666C6F773422206E616D653D222220736F757263655265663D2277662D7862687373712D65735F7A7322207461726765745265663D22656E646576656E7431223E3C2F73657175656E6365466C6F773E0A20203C2F70726F636573733E0A20203C62706D6E64693A42504D4E4469616772616D2069643D2242504D4E4469616772616D5F7862687373712D6573223E0A202020203C62706D6E64693A42504D4E506C616E652062706D6E456C656D656E743D227862687373712D6573222069643D2242504D4E506C616E655F7862687373712D6573223E0A2020202020203C62706D6E64693A42504D4E53686170652062706D6E456C656D656E743D2273746172746576656E7431222069643D2242504D4E53686170655F73746172746576656E7431223E0A20202020202020203C6F6D6764633A426F756E6473206865696768743D223335222077696474683D2233352220783D223137302220793D22313930223E3C2F6F6D6764633A426F756E64733E0A2020202020203C2F62706D6E64693A42504D4E53686170653E0A2020202020203C62706D6E64693A42504D4E53686170652062706D6E456C656D656E743D2277662D7862687373712D65735F7374617274222069643D2242504D4E53686170655F77662D7862687373712D65735F7374617274223E0A20202020202020203C6F6D6764633A426F756E6473206865696768743D223535222077696474683D223130352220783D223234362220793D22313830223E3C2F6F6D6764633A426F756E64733E0A2020202020203C2F62706D6E64693A42504D4E53686170653E0A2020202020203C62706D6E64693A42504D4E53686170652062706D6E456C656D656E743D2277662D7862687373712D65735F6373222069643D2242504D4E53686170655F77662D7862687373712D65735F6373223E0A20202020202020203C6F6D6764633A426F756E6473206865696768743D223535222077696474683D223130352220783D223430352220793D22313830223E3C2F6F6D6764633A426F756E64733E0A2020202020203C2F62706D6E64693A42504D4E53686170653E0A2020202020203C62706D6E64693A42504D4E53686170652062706D6E456C656D656E743D22656E646576656E7431222069643D2242504D4E53686170655F656E646576656E7431223E0A20202020202020203C6F6D6764633A426F756E6473206865696768743D223335222077696474683D2233352220783D223733352220793D22313930223E3C2F6F6D6764633A426F756E64733E0A2020202020203C2F62706D6E64693A42504D4E53686170653E0A2020202020203C62706D6E64693A42504D4E53686170652062706D6E456C656D656E743D2277662D7862687373712D65735F7A73222069643D2242504D4E53686170655F77662D7862687373712D65735F7A73223E0A20202020202020203C6F6D6764633A426F756E6473206865696768743D223535222077696474683D223130352220783D223535362220793D22313830223E3C2F6F6D6764633A426F756E64733E0A2020202020203C2F62706D6E64693A42504D4E53686170653E0A2020202020203C62706D6E64693A42504D4E456467652062706D6E456C656D656E743D22666C6F7731222069643D2242504D4E456467655F666C6F7731223E0A20202020202020203C6F6D6764693A776179706F696E7420783D223230352220793D22323037223E3C2F6F6D6764693A776179706F696E743E0A20202020202020203C6F6D6764693A776179706F696E7420783D223234362220793D22323037223E3C2F6F6D6764693A776179706F696E743E0A2020202020203C2F62706D6E64693A42504D4E456467653E0A2020202020203C62706D6E64693A42504D4E456467652062706D6E456C656D656E743D22666C6F7732222069643D2242504D4E456467655F666C6F7732223E0A20202020202020203C6F6D6764693A776179706F696E7420783D223335312220793D22323037223E3C2F6F6D6764693A776179706F696E743E0A20202020202020203C6F6D6764693A776179706F696E7420783D223430352220793D22323037223E3C2F6F6D6764693A776179706F696E743E0A2020202020203C2F62706D6E64693A42504D4E456467653E0A2020202020203C62706D6E64693A42504D4E456467652062706D6E456C656D656E743D22666C6F7733222069643D2242504D4E456467655F666C6F7733223E0A20202020202020203C6F6D6764693A776179706F696E7420783D223531302220793D22323037223E3C2F6F6D6764693A776179706F696E743E0A20202020202020203C6F6D6764693A776179706F696E7420783D223535362220793D22323037223E3C2F6F6D6764693A776179706F696E743E0A2020202020203C2F62706D6E64693A42504D4E456467653E0A2020202020203C62706D6E64693A42504D4E456467652062706D6E456C656D656E743D22666C6F7734222069643D2242504D4E456467655F666C6F7734223E0A20202020202020203C6F6D6764693A776179706F696E7420783D223636312220793D22323037223E3C2F6F6D6764693A776179706F696E743E0A20202020202020203C6F6D6764693A776179706F696E7420783D223733352220793D22323037223E3C2F6F6D6764693A776179706F696E743E0A2020202020203C2F62706D6E64693A42504D4E456467653E0A202020203C2F62706D6E64693A42504D4E506C616E653E0A20203C2F62706D6E64693A42504D4E4469616772616D3E0A3C2F646566696E6974696F6E733E, '0');
INSERT INTO `act_ge_bytearray` VALUES ('2502', '1', 'XBHS-SS.bpmn20.xml', '2501', 0x3C3F786D6C2076657273696F6E3D22312E302220656E636F64696E673D225554462D38223F3E0A3C646566696E6974696F6E7320786D6C6E733D22687474703A2F2F7777772E6F6D672E6F72672F737065632F42504D4E2F32303130303532342F4D4F44454C2220786D6C6E733A7873693D22687474703A2F2F7777772E77332E6F72672F323030312F584D4C536368656D612D696E7374616E63652220786D6C6E733A61637469766974693D22687474703A2F2F61637469766974692E6F72672F62706D6E2220786D6C6E733A62706D6E64693D22687474703A2F2F7777772E6F6D672E6F72672F737065632F42504D4E2F32303130303532342F44492220786D6C6E733A6F6D6764633D22687474703A2F2F7777772E6F6D672E6F72672F737065632F44442F32303130303532342F44432220786D6C6E733A6F6D6764693D22687474703A2F2F7777772E6F6D672E6F72672F737065632F44442F32303130303532342F44492220747970654C616E67756167653D22687474703A2F2F7777772E77332E6F72672F323030312F584D4C536368656D61222065787072657373696F6E4C616E67756167653D22687474703A2F2F7777772E77332E6F72672F313939392F585061746822207461726765744E616D6573706163653D22687474703A2F2F7777772E61637469766974692E6F72672F74657374223E0A20203C70726F636573732069643D227862687373712D737322206E616D653D22E58588E58A9EE5908EE5AEA1E4B89AE58AA1E794B3E8AFB728E4B889E5AEA129223E0A202020203C73746172744576656E742069643D2273746172746576656E743122206E616D653D225374617274223E3C2F73746172744576656E743E0A202020203C757365725461736B2069643D2277662D7862687373712D73735F737461727422206E616D653D22E58F91E8B5B7E6B581E7A88B222061637469766974693A63616E64696461746555736572733D22247B61737369676E65657D223E3C2F757365725461736B3E0A202020203C757365725461736B2069643D2277662D7862687373712D73735F637322206E616D653D22E5889DE5AEA1222061637469766974693A63616E64696461746555736572733D22247B61737369676E65657D223E0A2020202020203C646F63756D656E746174696F6E3E2F74736D2F796273782F667073782F66707378676C2F786268732E646F3F7378737173703C2F646F63756D656E746174696F6E3E0A202020203C2F757365725461736B3E0A202020203C656E644576656E742069643D22656E646576656E743122206E616D653D22456E64223E3C2F656E644576656E743E0A202020203C757365725461736B2069643D2277662D7862687373712D73735F7A7322206E616D653D22E7BB88E5AEA1222061637469766974693A63616E64696461746555736572733D22247B61737369676E65657D223E0A2020202020203C646F63756D656E746174696F6E3E2F74736D2F796273782F667073782F66707378676C2F786268732E646F3F7378737173703C2F646F63756D656E746174696F6E3E0A202020203C2F757365725461736B3E0A202020203C73657175656E6365466C6F772069643D22666C6F773122206E616D653D222220736F757263655265663D2273746172746576656E743122207461726765745265663D2277662D7862687373712D73735F7374617274223E3C2F73657175656E6365466C6F773E0A202020203C73657175656E6365466C6F772069643D22666C6F773222206E616D653D222220736F757263655265663D2277662D7862687373712D73735F737461727422207461726765745265663D2277662D7862687373712D73735F6373223E3C2F73657175656E6365466C6F773E0A202020203C73657175656E6365466C6F772069643D22666C6F773422206E616D653D222220736F757263655265663D2277662D7862687373712D73735F7A7322207461726765745265663D22656E646576656E7431223E3C2F73657175656E6365466C6F773E0A202020203C757365725461736B2069643D2277662D7862687373712D73735F667322206E616D653D22E5A48DE5AEA1222061637469766974693A63616E64696461746555736572733D22247B61737369676E65657D223E0A2020202020203C646F63756D656E746174696F6E3E2F74736D2F796273782F667073782F66707378676C2F786268732E646F3F7378737173703C2F646F63756D656E746174696F6E3E0A202020203C2F757365725461736B3E0A202020203C73657175656E6365466C6F772069643D22666C6F773522206E616D653D222220736F757263655265663D2277662D7862687373712D73735F637322207461726765745265663D2277662D7862687373712D73735F6673223E3C2F73657175656E6365466C6F773E0A202020203C73657175656E6365466C6F772069643D22666C6F773622206E616D653D222220736F757263655265663D2277662D7862687373712D73735F667322207461726765745265663D2277662D7862687373712D73735F7A73223E3C2F73657175656E6365466C6F773E0A20203C2F70726F636573733E0A20203C62706D6E64693A42504D4E4469616772616D2069643D2242504D4E4469616772616D5F7862687373712D7373223E0A202020203C62706D6E64693A42504D4E506C616E652062706D6E456C656D656E743D227862687373712D7373222069643D2242504D4E506C616E655F7862687373712D7373223E0A2020202020203C62706D6E64693A42504D4E53686170652062706D6E456C656D656E743D2273746172746576656E7431222069643D2242504D4E53686170655F73746172746576656E7431223E0A20202020202020203C6F6D6764633A426F756E6473206865696768743D223335222077696474683D2233352220783D223132302220793D22313930223E3C2F6F6D6764633A426F756E64733E0A2020202020203C2F62706D6E64693A42504D4E53686170653E0A2020202020203C62706D6E64693A42504D4E53686170652062706D6E456C656D656E743D2277662D7862687373712D73735F7374617274222069643D2242504D4E53686170655F77662D7862687373712D73735F7374617274223E0A20202020202020203C6F6D6764633A426F756E6473206865696768743D223535222077696474683D223130352220783D223231302220793D22313830223E3C2F6F6D6764633A426F756E64733E0A2020202020203C2F62706D6E64693A42504D4E53686170653E0A2020202020203C62706D6E64693A42504D4E53686170652062706D6E456C656D656E743D2277662D7862687373712D73735F6373222069643D2242504D4E53686170655F77662D7862687373712D73735F6373223E0A20202020202020203C6F6D6764633A426F756E6473206865696768743D223535222077696474683D223130352220783D223334302220793D22313830223E3C2F6F6D6764633A426F756E64733E0A2020202020203C2F62706D6E64693A42504D4E53686170653E0A2020202020203C62706D6E64693A42504D4E53686170652062706D6E456C656D656E743D22656E646576656E7431222069643D2242504D4E53686170655F656E646576656E7431223E0A20202020202020203C6F6D6764633A426F756E6473206865696768743D223335222077696474683D2233352220783D223733352220793D22313930223E3C2F6F6D6764633A426F756E64733E0A2020202020203C2F62706D6E64693A42504D4E53686170653E0A2020202020203C62706D6E64693A42504D4E53686170652062706D6E456C656D656E743D2277662D7862687373712D73735F7A73222069643D2242504D4E53686170655F77662D7862687373712D73735F7A73223E0A20202020202020203C6F6D6764633A426F756E6473206865696768743D223535222077696474683D223130352220783D223630332220793D22313830223E3C2F6F6D6764633A426F756E64733E0A2020202020203C2F62706D6E64693A42504D4E53686170653E0A2020202020203C62706D6E64693A42504D4E53686170652062706D6E456C656D656E743D2277662D7862687373712D73735F6673222069643D2242504D4E53686170655F77662D7862687373712D73735F6673223E0A20202020202020203C6F6D6764633A426F756E6473206865696768743D223535222077696474683D223130352220783D223437302220793D22313830223E3C2F6F6D6764633A426F756E64733E0A2020202020203C2F62706D6E64693A42504D4E53686170653E0A2020202020203C62706D6E64693A42504D4E456467652062706D6E456C656D656E743D22666C6F7731222069643D2242504D4E456467655F666C6F7731223E0A20202020202020203C6F6D6764693A776179706F696E7420783D223135352220793D22323037223E3C2F6F6D6764693A776179706F696E743E0A20202020202020203C6F6D6764693A776179706F696E7420783D223231302220793D22323037223E3C2F6F6D6764693A776179706F696E743E0A2020202020203C2F62706D6E64693A42504D4E456467653E0A2020202020203C62706D6E64693A42504D4E456467652062706D6E456C656D656E743D22666C6F7732222069643D2242504D4E456467655F666C6F7732223E0A20202020202020203C6F6D6764693A776179706F696E7420783D223331352220793D22323037223E3C2F6F6D6764693A776179706F696E743E0A20202020202020203C6F6D6764693A776179706F696E7420783D223334302220793D22323037223E3C2F6F6D6764693A776179706F696E743E0A2020202020203C2F62706D6E64693A42504D4E456467653E0A2020202020203C62706D6E64693A42504D4E456467652062706D6E456C656D656E743D22666C6F7734222069643D2242504D4E456467655F666C6F7734223E0A20202020202020203C6F6D6764693A776179706F696E7420783D223730382220793D22323037223E3C2F6F6D6764693A776179706F696E743E0A20202020202020203C6F6D6764693A776179706F696E7420783D223733352220793D22323037223E3C2F6F6D6764693A776179706F696E743E0A2020202020203C2F62706D6E64693A42504D4E456467653E0A2020202020203C62706D6E64693A42504D4E456467652062706D6E456C656D656E743D22666C6F7735222069643D2242504D4E456467655F666C6F7735223E0A20202020202020203C6F6D6764693A776179706F696E7420783D223434352220793D22323037223E3C2F6F6D6764693A776179706F696E743E0A20202020202020203C6F6D6764693A776179706F696E7420783D223437302220793D22323037223E3C2F6F6D6764693A776179706F696E743E0A2020202020203C2F62706D6E64693A42504D4E456467653E0A2020202020203C62706D6E64693A42504D4E456467652062706D6E456C656D656E743D22666C6F7736222069643D2242504D4E456467655F666C6F7736223E0A20202020202020203C6F6D6764693A776179706F696E7420783D223537352220793D22323037223E3C2F6F6D6764693A776179706F696E743E0A20202020202020203C6F6D6764693A776179706F696E7420783D223630332220793D22323037223E3C2F6F6D6764693A776179706F696E743E0A2020202020203C2F62706D6E64693A42504D4E456467653E0A202020203C2F62706D6E64693A42504D4E506C616E653E0A20203C2F62706D6E64693A42504D4E4469616772616D3E0A3C2F646566696E6974696F6E733E, '0');
INSERT INTO `act_ge_bytearray` VALUES ('2503', '1', 'XBHS-SS.png', '2501', 0x89504E470D0A1A0A0000000D49484452000003790000016108020000004288F45D0000179C49444154789CEDDD7F6C9CF57D07708BAE939186F0B46E8DF64F5CED0F2C751BD65A29F96B71270D7BD2462CAD026F7FA496AAD248D5029AA6D6DA149856B2685A5934B528DD4A666DA2F35405592AB0AC10966D8166FC08E6475A1748090DA12921D48C048EC4499E7D73470FC7675FEE9CFBDCF3DCF9F5D24728D877E7E7B9F7DDF779DF9D7DD7930100408C9EBC37000080AEA56B02001045D70400208AAE090040145D13008028BA26000051744D0000A2E89A000044D135010088A26B02001045D70400208AAE090040145D13008028BA26000051744D0000A2E89A000044D135010088A26B02001045D70400208AAE090040145D13008028BA26000051744D0000A2E89A000044D135010088A26B02001045D70400208AAE090040145D13008028BA26000051744D0000A2E89A000044D135010088A26B02001045D70400208AAE090040145D13008028BA26000051744D0000A2E89A000044D135010088A26B02001045D70400208AAE090040145D13008028BA26000051744D0000A2E89A000044D135010088A26B02001045D70400208AAE090040145D13008028BA26000051744D0000A2E89A000044D135010088A26B02001045D70400208AAE090040145D13008028BA26000051744D0000A2E89A000044D135010088A26B02001045D70400208AAE090040145D13008028BA26000051744D0000A2E89A000044D135010088A26B02001045D70400208AAE090040145D13008028BA26000051744D0000A2E89A000044D135010088A26B02001045D70400208AAE090040145D13008028BA26000051744D0000A2E89A000044D135010088A26B02001045D70400208AAE090040145D13008028BA26000051744D0000A2E89A000044D135010088A26B02001045D70400208AAE090040145D13008028BA26000051744D0000A2E89A000044D135010088A26B02001045D70400208AAE090040145D13008028BA26000051744D0000A2E89A000044D135010088A26B02001045D70400208AAE090040145D13008028BA26000051744D0000A2E89A000044D135010088A26B02001045D70400208AAE090040145D13008028BA26000051744D0000A2E89A000044D135010088A26B02001045D70400208AAE090040145D13008028BA26000051744D0000A2E89A000044D135010088A26B02001045D70400208AAE090040145D13008028BA26000051744D0000A2E89A000044D135010088A26B02001045D70400208AAE090040145D13008028BA26000051744D0000A2E89A000044D135010088A26B02001045D70400208AAE090040145D13008028BA26000051744D0000A2E89A000044D135010088A26B02001045D70400208AAE090040145D13008028BA26000051744D0000A2E89A000044D135010088A26B02001045D70400208AAE090040145D13008028BA26000051744D0000A2E89A000044D135010088A26B02001045D70400208AAE4921944AA5A9A9A9B1B1B1A1A1A1FEFEFE9ED52AED7BBA06464747272727E7E6E6A4900B291441BE2988639182C44187D235C9DF9E3D7BD2429656F37BEFBDF7E1BD7B5F3A7CF8ECFCFCEA9CB4EFE91AD8BD7BF7A64D9BD275929675294861754E8E2988A39871D0B9744DF2941E1F8F8F8F0F0F0F1F7DF5E8D9F9B366E19C78E3445AD6D39573FCF871294861354FDB52104731E3A0D3E99AE426ADE6838383F7ECFAC6D9F93366B9B9FF81FBD7AD5B77E4C811294861954F740AE228661C74015D93DC8C8F8F9757F3F74CFD7978EF431B36FCB614A4604253104731E3A00BE89AE463CF9E3DC3C337CC9F2B9946E68B5FFAB36DDBBE2C052998A014C451CC38E80EBA263928954AFDFDFDAF1E3B327FEE5DD3C89C3AFDD3EBAFFFCDD9D959294861954F440AE228661C740D5D931C4C4E4E8E8F8FCF9F7BA73A9F1AF9FD06DF7A63E1B956D56CDBF657131313529082145A9E82388A19075D43D72407A3A3A3BBEFFBB70F56F31B867F9C65AF9CCF5E9CCFBE77267BE64CF6E4A9733BEE7BE43BC7DE7AFC6CF6BFA5ECF152B6FF9DECA1F7B2BFDFFFDC2D9B3F9FFBDA9ACB3C75F0C0E0E0A014A4208596A7208E62C641D7D035C9C1C0C0C0A1434FCF9F3B5D999E9E9E535976FA42F6D6B9ECCDB3D93B59F6A77F7E7BCF55BFB0FE86D163F3D9D133D9D1F7B223A5ECA573D9B7BEFB4CF9F983D3AB704E9D3ED9DBDB2B052948A1E52988A39871D03574CD0229954AD3D3D377DC71477A6C3DF433232323E92B535353DDF4510D7D7D7D6F9C3C367FEE5465D21AFDCEF9ECCCF98BDF3A77E1E27FBFFDE07FFCEAAFFDFA5FDCF9957359F6F6B9ECADF9ECCDF92CEDFF434F3C5B5ED04FADCE49FB2E85DC470A4598D6A6208E62C67159750E9A939393DEFEB33874CD4248F79674F7480F0DD31D26DD4976EFBEEFE1BD8F54E6FE071EDCBAF5F6B1B1B1B408AE5FBFBE3B3EADA1BC28BF5D9DF4BFA7CF6527DFCDCE9E7FFF04A958FFDD57BFFEE5BFFDEAD1D72E2E16F317B2B3E585FEB1A79E5974DE5535AD5DD0A52085CE9DA072238E42C551473A68A6C3E5657F8976707070E7CE9DA992B679F35844D7CCD9CCCC4CE5436653A73C3B7FAEFEEC7FF4B14D9B3E93EE3CFBF6EDCB7BC3AF487951FEBFEA5C5CD0CF6727DEC97E722A9BCFB2B367CE0C5C775D4FCF877A7A7A3FFD479B169EF1C9834F2F3AEFAA9A809623052974E444764D7114258E25A5C3DFFAF5EB1BFC83AD8AFEFEFED44DDBB685D4D235F3B47DFBF6541C1FDEFBC8655BE6C279F2A9831B366CD8BC7973E73E562B2FCA6F55A7F242D5C977B3D7DECE5E7F2F7BF2D00F3FFAD18F7EE8E77EFEEA6B3F32F6C7972CE84F3C7570D17957D504B41C2948A12327B26B8AA328712C920E79E3E3E3B5CF5C7EF18B5F5AF862609AAD5B6F1F1E1E5E74CAD1D1D16EFA55B4CEA26BE623DD67C6C6C62626269A6A990BE76B77DF3D3434D4A1BF8F525E94E7AA93FEF7DD0BD99BA58B4F1E9C782FDBFBC4EC6F5CFF898FFCF2AF5CDBF78B5FFFE76FBD9765A7CE64EF9CB978C6FD079E5874DE5535012D470A52E8C889EC9AE2284A1C0BA583DDA2A733B76CB9F5A5C387EB1C254FBC71321D28D7AC59B3F009CE999999E84DA596AE99835434D37D666A6A6AC545B3FA927ABA9C4EFC38DA749F3F77EEA7D5A9AC53694D7F6B3EFBE9D9ECB5B7E71F7BEEC8F5BFF5C94FFDEEEFBD7E26FB49297BBD949D3C93A5257DFFE34F2C3AEFAA9A96B71C2948A14327AE6B8AA3387154A5C35CAA89D5CA38323252BF652E6A9C5BB7DE5E3D6F6F6FEF81030742B7965ABA660EC6C6C6AEBC68565F4F4F75B3E35E4C5FB4280F7D6AC3B3DF7FF1C9E7660FCCCC3E7A70F6D1A75F78ECD9C3FFF9F8F7BEFBDCCBFF7DF085FF39F883479FFEC181675E78EEC51FDDFD0FBB6EBAF9A6DC17D6EE58D0A52085CE9DF6744D71E41B4745E5D9996A59BC73DBB6151C2BEFBDF79BA965569FDDECD097043B97AED96EDBB76FBF9297CE6B67F7EEFB464747F3DEADE69417F43717CE17BEF0F99E06FCE1A73FBDE88CAB6A025A8E14A4D09113D935C55194382AC6C6C6AAD7733ADE5DC953337D7D7D95CB191A1A8ADB606AE99A6D353333333838D8C2A259995B6EF9FCCE9D3BF3DEB9269417F493A6D9096839F9EF54C78D148A30915D33FFBDEBB889EB9AD3D3D3D5A2B9B2673417CEFD0F3C58BDB41D3B76046D33B574CDB64A45333DB46A79D73CFAEAB1B56BFB3BE895F48B0BFAF9374CB3D3FA9693F71E75E248A10813D835F3DEB54E9CB8AE990E9A956A383232D292C365F57737D7AC59D34107CD4EA76BB64FE5BD675B5E342BB365CBAD1DF428ADBCA09F30CD4E40CBC97FA73A6EA4508489EC9AF9EF5DC74D501C535353955ED8DBDB7BF4D5632D3956BE7DEA74F52FD36FBBEDB688CDA696AED93E434343CDBE9566534F6DA6FB4FDEBBD8A8F282FEBA6976025A4EFE3BD5712385224C64D7CC7FEF3A6E82E24807CD4A29DCB2E5D6161E2EEFD9B5AB72B17D7D7D119B4D2D5DB34DE6E6E6D2CD3AA8685666DDBA759DF2560EE505FD27A6D9096839F9EF54C78D148A30915D33FFBDEBB88988231D34ABBF5BD9AA2735ABB3766D7FE5923BFD43F83A85AED926939393E3E3E3A15DF3CE6DDB262626F2DED10F4C4D4D2DF7DE9FE505FDB8697656B0A04B410A5D3957526EC4519C38EA64910E9AD5BF196FF9E1F2965BDE7F7B81421D34BB98AED9269B376FDEB9736768D77C78EF23C5791F87175E78A1724FBEE69A6B76EFDEBDE8BB16F4F62CE8529042B7CE8ACB8D388A1347FD2CD241B3557F7EBEE4E1B272E1EBD7AF5FD90D89A6E89A6D32323272FF030F8676CD970E1F5EBBB63FEF1D7D5FA954BAEAAAAB2A77E60F7FF8C31FFFF8C7173E782D2FE83F36CD4EB30BBA14A4D0ADB3E2AE298EE2C4513F8B74D0AC7C2BE2D0990E97950BEFEF2FCA41B3BBE99A6D12F46E470BE7ED53A77B7B7BF3DED10F2CFC14DAE4EAABAFFEEC673F5B798F89F4BFE7CFBF669A9D152CE852904257CE95BC862E8EE2C451278BEABB1D051D3AAB3F74C537241AE75A6E93748F6AF96F372F79E7A9FEE15EC19D3F7FCC343B3DADCE37F73DEAC4914211A6E52988A36871546B68E31F7DDED4542F3FEF76B02AB896DB646060E0F94387DAD035F3DED10F5C7BEDB5D55563B42C2D46B3B3B3D9FB4F1EBC6A9A9D15E42B052974E55CC95A278EE2C451278B74D0AC7C3DE8D059FD78F415DF90689C6BB94D42DF5CB33285FA7DCDEADB55A4F5E2739FFB5CFAEFD4D454F5BBE505FD68DC542F7FB91FD4D406D43971E55B8B1E8E87EE5707A5B0B2ABB425A78FDEF8EE48E17CCD4DB7FECDB8A353E894381ABFB6BB208EFA59549F288D38749E78E364E5C2BDC5667BE89A6D323E3E7ECFAE5DA15D73FFA38FAD5BB72EEF1D7DDF2BAFBC921E358E8C8CF4F7F74F4C4CA43565E177CBABE48F5A3B0B2F73B97FD77EF1D283EBE54FBFE85C0DFEB816EE63C15358415E4BB59C25BE587B9A1CB7BC3B52B8EC8FEEA6148A1FC7F99A95A4769DE9B238EA67910E9A95FDFADADD77B7FC70F9FCA143950B1F1C1C5CD90D89A6E89A6DB263C78ED67EF241EDA42EBB69D367F2DED10F4C4F4F4F4E4E2EF9DE6911CB624F63856FB9A5B9F6EC975DD07B0ADF35DB9F42837B517B10ADBDF21BCC3A97EDEF8E14CE5FEE46DE652914398EF3CB2F23DD1D479D2CB66FDF5EB935A6E35ACB0F97776EDB56B9F0B1B1B1956D394DD135DB24DD97D243B7D0AE393C3CBC67CF9EBC77B421E565F195D6CE7247CD0587CF4B4E5C7BF6E52EB6CE4F5CF247B77CD716FEC482A7D0ECEED45EC94B6E55EE9BDAAD2934756D77710AB9C7B16831A97EA591F5A7081311C7ECEC6CE5DAE8EBEB7BFBD4E9D61E2E376CD850B9F0D4745BBEE5D4D235DB27F4CF83D25D31DD212B6F15517C1757C90B4782A6910BAF9EE6928E78B98B6AF05CA1BBD629293415D392FFAEF7B021BFCDEEBE14EA5FC3AB2485DCE358F25AADDD98D516477F7F7F65EF76EFBEAF8587CBEA9B6B268B5EB82788AED93EA12FA37FE5AEBBD285E7BD8B8D2AAF8C2F074D9D0BAF599D973871F52BCBAFE9973965E8AE754A0A0DC6549BC2C26B75C94CF3DDECAE4CA1CE1757490A058C63C9056AB5C5313131515954AFBFFEFA163EB579E3C68D958B1D1D1D8DD86C6AE99AED532A95D2A3B48877D94C77C2B56BFB8F1F3F9EF72E36AABC32FE3068966A874B9C66D13F96FC6EFD332EBAF0D09DAAFE884E49A1C18C6AAFBADA6BB89140DBBCF1DD91429D2BF9B227E8B2148A10C7A25BFEA20856671C737373D577C16CD52755EE7FF4B1EA9536333313B1D9D4D235DB6A6A6AEAA69B6F5EE54F6A66EF2FE88723A672C90B2F7FD1CF5A74823AA75C74E2DACBA97351717BD71129349E519DBC968B26AFCDEEB2141ABC3E57490AB9C7B1A0325EF295551E47567E3DB07255F4F6F65EF99B1FBD74F870B5BC6EDEBC39689BA9A56BB6DB8D1B37B6F6574F9E3F74A8F2FA42DE7BD684F2CAF852C4542FB9F28FDA1F54FD7AED09EA9C78C9532EFC59973EC110B26B951FD411293495D472FF5EFE199C3C37BBFB52A87F0DAF92140A12C792BBD9485EB96F76501C15EBD7AFAFEC63AA8957F21942E928998E95D58BEAA05702BB80AED96E737373EBD6AD6BD51F099D78E364BAF3A4BB5FDEBBD59CF2CAF862CB67D1C52EF9532A5F5CF8AD4BD7EB4BCEB8F0C44B9EF1B23FAEE53B58FC149A0D6BB9AB71B9AB3ADFCDEEA6146A6FD2F5FFB78B5328421CE77FB6162DFCC79291AD9E382A8E1C39D2D7D757ED882BFB78F4A3AF1EAB16CDDEDEDE7DFBF6C56D30B574CD1CCCCECEA6BA79E59FF19A8AE68D1B37DEFFC08379EF50D32256C6DAFAB8E492BDA856D6B99C3A8D73C9F55DD75C595E8D3F4228C874530AD53DBAECFDA2BB53C83D8E25AFFC0657AA224C68D74C5235ACDE4453536CF6DDDDF73FFA58F5A5F364C78E1DA15B4B2D5D331F333333E93156BA035CC94BE7A9B07662D1CCCA0BFA850B2F444C652959EE8BD56FF52C63E1596AFFBDE469EA5F4ECBF7AE235268705F6AAFE7E53629DF4DEDD61496BCB9D6B90D77710A4588A3CE9E36F5F56E8A63A1E9E9E9EAB39B3DE5BF4C4F87BF469ECEBCE9E69B172ECE8A662E74CDDCCCCDCD6DD8B061EBD6DB4FBC71B2D95F3AF9CA5D77555E88CF7B2756A8BC4AFEC0343B012D27FF9DEAB891421126B26BE6BF771D376DE89A59F925C181818185C53135CE740CADFD9DB45431BF76F7DDC3C3C30B4F9CAAAA97CEF3A26BE6A9542AA5FBC975D70DA4EED8E09B87DDB36B573AFD962DB7A6869AF7E6AF5C79419F35CD4E40CBC97FA73A6EA4508489EC9AF9EF5DC74D7BBA66567E8EE68E3BEEE8EDED5DF205A575EBD62DF7ADB1B1317F0C94235D337FE90E70DB6DB7A5875C376EDC98AA64ED2F3EA7AFDC7BEF376FBAF9E6749A4D9B3EB3E447C77696F282FE7DD3EC04B49CFC77AAE3460A4598C8AE99FFDE75DCB4AD6B56A483E6F8F8F8929DB2D6D0D0D0810307DAB979D4D2358BA2542A4D4F4FA7FB4FF56FE516BE4C908AE6D4D454D77C9A567AE8F9EEBB4F5FB8F03DD3D4B476419782143A7782CA8D380A15477DE9A0990E8BE9A0393838B8E8A0D9DFDF3F3A3ABA73E74ECF651684AE490ED242F0F2CBDFB970E190696A5ABBA04B410A9D3B41E5461C858A83AEE1F6410E464646FE7DCFCE0BD9F3A6F1F9FEECB7070606A42005D3F214C451CC38E81ABA2639D8BE7DFBC4C467735F223B6BFE69F2CEF1F1712948C1B43C057114330EBA86AE490E8E1C393230F0B1774B4F5EC89E330DCEE8E8EF4C4F4F4B410AA6E52988A39871D035744DF271C7459B2F64CF9A46E65FA7FE666C6C440A5230412988A39871D01D744DF2512A9586863E79E0C0BF64D933A6FE1C3FBE7760E0637373FBA52085553E712988A39871D01D744D72333B3B3B3878DDECEC7496CD98E526ADE6E9C8B76FDF37A42085553ED12988A39871D005744DF274E0C081B4A66FDFFE2759F6B4A99DE9E9BB0606FAF7EDFB47294861954F7B52104731E3A0D3E99AE4AC542A4D4C8C0F0D7D6272F22F8F1F7F28CB0E9AB9B9FF9A9AFAEBB1B1E1D1D1A1F46F294861D54EFB53104731E3A0A3E99A14C2BE7DFBC6C7FF60CD9A5F6AF063C7BA5B5FDF35636337A4355D0A39924211E495823896947B1C74285D13008028BA26000051744D0000A2E89A000044D135010088A26B02001045D70400208AAE090040145D13008028BA26000051744D0000A2E89A000044D135010088A26B02001045D70400208AAE090040145D13008028BA26000051744D0000A2E89A000044D135010088A26B02001045D70400208AAE090040145D13008028BA26000051744D0000A2E89A000044D135010088A26B02001045D70400208AAE090040145D13008028BA26000051744D0000A2E89A000044D135010088A26B02001045D70400208AAE090040145D13008028BA26000051744D0000A2E89A000044D135010088A26B02001045D70400208AAE090040145D13008028BA26000051744D0000A2E89A000044D135010088A26B02001045D70400208AAE090040145D13008028BA26000051744D0000A2E89A000044D135010088A26B02001045D70400208AAE090040145D13008028BA26000051744D0000A2E89A000044D135010088A26B02001045D70400208AAE090040145D13008028BA26000051744D0000A2E89A000044D135010088A26B02001045D70400208AAE090040145D13008028BA26000051744D0000A2E89A000044D135010088A26B02001045D70400208AAE090040145D13008028BA26000051744D0000A2E89A000044D135010088A26B02001045D70400208AAE090040145D13008028BA26000051744D0000A2E89A000044D135010088A26B02001045D70400208AAE090040145D13008028BA26000051744D0000A2E89A000044D135010088A26B02001045D70400208AAE090040145D13008028BA26000051744D0000A2E89A000044D135010088A26B020010E5FF01A4C7E7D000C4462A0000000049454E44AE426082, '0');
INSERT INTO `act_ge_bytearray` VALUES ('3', '1', 'XBHS-ES.png', '1', 0x89504E470D0A1A0A0000000D49484452000003790000016108020000004288F45D0000172F49444154789CEDDD7F6C9CF75D0770AB63C895A86AC46011FFC4137FD4D2805A6C92F317F190A88D048D25A6D6F04766A95A176922AD10DA2C505AC41A22C44A84B62A833558A00EA32995A5B525AC4D1720ED427FA4EE8F6C5EDBACE9D27459D3742E4DDA6B62270FDFF8CAEDE2B3CFE7C41F3FE7E779BDF455E4D8778FEFB9F773F779FBCEBEEBC80000204647DE17000080C2D235010088A26B02001045D70400208AAE090040145D13008028BA26000051744D0000A2E89A000044D135010088A26B02001045D70400208AAE090040145D13008028BA26000051744D0000A2E89A000044D135010088A26B02001045D70400208AAE090040145D13008028BA26000051744D0000A2E89A000044D135010088A26B02001045D70400208AAE090040145D13008028BA26000051744D0000A2E89A000044D135010088A26B02001045D70400208AAE090040145D13008028BA26000051744D0000A2E89A000044D135010088A26B02001045D70400208AAE090040145D13008028BA26000051744D0000A2E89A000044D135010088A26B02001045D70400208AAE090040145D13008028BA26000051744D0000A2E89A000044D135010088A26B02001045D70400208AAE090040145D13008028BA26000051744D0000A2E89A000044D135010088A26B02001045D70400208AAE090040145D13008028BA26000051744D0000A2E89A000044D135010088A26B02001045D70400208AAE090040145D13008028BA26000051744D0000A2E89A000044D135010088A26B02001045D70400208AAE090040145D13008028BA26000051744D0000A2E89A000044D135010088A26B02001045D70400208AAE090040145D13008028BA26000051744D0000A2E89A000044D135010088A26B02001045D70400208AAE090040145D13008028BA26000051744D0000A2E89A000044D135010088A26B02001045D70400208AAE090040145D13008028BA26000051744D0000A2E89A000044D135010088A26B02001045D70400208AAE090040145D13008028BA26000051744D0000A2E89A000044D135010088A26B02001045D70400208AAE090040145D13008028BA26000051744D0000A2E89A000044D135010088A26B02001045D70400208AAE090040145D13008028BA26000051744D0000A2E89A000044D135010088A26B02001045D70400208AAE090040145D13008028BA26000051744D0000A2E89A000044D135010088A26B02001045D70400208AAE090040145D13008028BA26000051744D0000A2E89A000044D135010088A26B02001045D70400208AAE090040145D13008028BA26000051744D0000A2E89A000044D135010088A26B02001045D70400208AAE090040145D13008028BA26000051744D0000A2E89A000044D135010088A26B02001045D70400208AAE090040145D13008028BA26000051744D0000A2E89A000044D135010088A26B02001045D7A4742A95CAF8F8F8F0F0707F7F7F7777774759A57D4FD7C0D0D0D0D8D8D8F4F474DEB1AC0CE156ADE9708558B5A643847ABA26E5B277EFDE740F9EC6D87DF7DDF7C8BE7D2F1F39726E66A69C2BED7BBA06F6ECD9B379F3E6749DA479967738574AB805085788050811E6D135298BE9E9E991919181818163AF1D3B3773CEAA5F27DF3C99E659BA724E9C389177509743B80508578805081116A46B520A698CF5F6F6DEBBFBEBE766CE5A8BAD071E7CA0AFAFEFE8D1A379C7B53CC22D40B8422C4088B0185D9352181919991B63EF5BCDD723FB1EDEB8F1B7F38E6B79845B8070855880106131BA26C5B777EFDE81811B66662B562BEB0B5FFCB3EDDBBF947768AD126E01C2156201428426744D0AAE52A9747777BF76FCE8CCEC7B562BEBF4999F5E7FFD6F4E4D4DE51DDDD2845B807085588010A1395D93821B1B1B1B191999997DB7B63E35F8FB2DBEE648FDB94AB5B66FFFABD1D1D1BCA35B9A700B10AE100B102234A76B52704343437BEEFFB79F8DB11B067E9C65AF9ECF5E9AC9BE77367BF66CF6D4E9D99DF73FFAEDE36F3F712EFB9F4AF644253BF06EF6F0FBD9DF1F78FED62D9FCB7DA8E4B29E3E74B0B7B737EFE89626DC02842BC4028408CDE99A145C4F4FCFE1C3CFCCCC9EA9AE8E8E8ED35976E642F6F66CF6D6B9ECDD2CFBD33FBFA3E3AA5FD870C3D0F199ECD8D9ECD8FBD9D14AF6F26CF6CDEF3E3BF7C0C99912AED3674E757676E61DDDD2845B807085588010A1395D9325542A958989893BEFBC736868A8FFFF0D0E0EA6CF8C8F8FB7FFBB59747575BD79EAF8CCECE9EA4AC3E9DDF3D9D9F317BF347BE1E2BFDF7AE83F7EF5D77EFD2FEEFAF26C96BD339BBD3D93BD3593A5BD7AF8C9E7E626D9E972AEB4EFF906D70AE116205C211620C4BC34194F6363635E8BB47D38585954BA0DA71B6DFAE939DD8CD34D77CF9EFB1FD9F768753DF0E043DBB6DD313C3C9CE6C4860D1BDAF90D2DE6A6D13BB595FE7B66363BF55E76EEFC07274875F9EFBEF2B52FFDED578EBD7EF18E69E642766E6EC23DFEF4B3F3CE5BAAB5262699700B10AE100B10E2EA4BE3290DA6257FA3B7B7B777D7AE5DA992E67D79CBAED4072B8B999C9CACBE0F6FEA94E766669BAF038F3DBE79F367D24D7AFFFEFD795FF005CC4DA3FFADAD8B93EC7C76F2DDEC27A7B3992C3B77F66CCF75D775747CA8A3A3F3D37FB4B9FE8C4F1D7A66DE794BB5D6C424136E01C2156201425C4D69D06CD8B0A1C5BF1EABEAEEEE4EDD34EF0B5E6A253D586962C78E1DA9383EB2EFD1255B66FD7AEAE9431B376EDCB2654BBBFD0439378DDEAEADEA3374A7DECB5E7F277BE3FDECA9C33FFCE8473FFAA19FFBF9ABAFFDC8F01F5F32C99E7CFAD0BCF3966AAD894926DC02842BC40284B83AD270191919697CE4F20B5FF862FDD36E696DDB76C7C0C0C0BC530E0D0DB5FF2F7D1555E90E569A48B7E4E1E1E1D1D1D165B5CCFAF5D57BEEE9EFEF6FABDF92999B46D3B595FEFBDE85ECADCAC5474D4EBE9FED7B72EA37AEFFC4477EF957AEEDFAC5AFFDF337DFCFB2D367B377CF5E3CE381834FCE3B6FA9D69A9864C22D40B8422C4088AB208D95790F676EDD7ADBCB478E34994727DF3C9546D2BA75EBEA1FE09C9C9CCC7B57CAA85C072B4DA4A2996EC9E3E3E3975D346B4FA9A7EDB4CF3BF6A6FB97D9D99FD656F50E3A0DB3B767B29F9ECB5E7F67E6F1E78F5EFF5B9FFCD4EFFEDE1B67B39F54B2372AD9A9B3599A65079E7872DE794BB5D6C424136E01C2156201428C96064AAA89B5CA383838D8BC65CE6B9CDBB6DD513B6F6767E7C18307F3DEA1D229D1C14A73C3C3C3575E346BCFA7A7BAD9264FA6CF9B46FD9FDAF8DCF75F7AEAF9A98393538F1D9A7AEC99171F7FEEC8779EF8DE779F7FE5BF0EBDF8DF877EF0D8333F38F8EC8BCFBFF4A37BFE61F74D37DF94FB4431C99A106E01C2156201420C557D1CA45616EFDABEFD32A6D27DF77D23B5CCDAA39B6DF5E45B1994E560A5B91D3B765CC953E78D6BCF9EFB878686F2DEAD8BE626D95BF5EBF39FFF5CC3EF8E2FE00F3FFDE979672CD55A13934CB805085788050831D4F0F0702DF43459AEE44190AEAEAEEA76FAFBFBF3DEAD7229CBC14A13939393BDBDBD2B5834ABEBD65B3FB76BD7AEBC77AE3AC94E59CB5D6B629209B700E10AB10021C6999898A815CDCB7B44B37E3DF0E043B5ADEDDCB933EF9D2B91521CAC34978A66FA816FC5BBE6B1D78EAF5FDF9DFB33E91727D9F937ADE5AE3531C9845B807085588010E3A4F154AD868383832B32986ABFBBB96EDDBADCC7537994E260A589EA2BE2AE78D1ACAEAD5B6FCBFD67C7B94976D25AEE5A13934CB805085788050831C8F8F878B5177676761E7BEDF88A4CA5774E9FA9FD65FAEDB7DF9EF72E9645F10F569AEBEFEF5FEE4B692EEBA1CD74ABCE7707E726D91BD672D79A9864C22D40B8422C408841D278AA96C2AD5B6F5BC1C174EFEEDDD5CD767575E5BD8B6551FC839526A6A7A7D38D2DA86856575F5F5FBE2F303137C97E622D77AD894926DC02842BC4028418218DA7DAEF56AED4839AB5B57E7D7775CBEDF97677C553F08395E6C6C6C646464642BBE65DDBB78F8E8E46EFC8F8F8F862AFE83937C94E58CB5DED33C9845B80708558801023343930D278AAFDCDF88A0FA65B6FFDE0B50E56613C91E99A25B765CB965DBB768576CD47F63D1AFDEA122FBEF862F55EE39A6BAED9B367CFBCAF9A646B7A9209B700E10AB1002146687E60A4F1B4527F7EBEE060AA6E7CC3860DB9EC7BD9ACF983952B313838F8C0830F8576CD978F1C59BFBE3B742F2A95CA55575D55BDE3F8F0873FFCF18F7FBCFE07E5B949F6636BB9AB4D2699700B10AE100B106284E607461A4FD52F450CA93498AA1BEFEE8E1D4F54ADF983952B11F46A47F5EB9DD3673A3B3BA377A4FE1D6F93ABAFBEFA965B6EA9BE9E45FAEFF9F3AF5BCB5DED33C9845B807085588010233439306AAF761434A46ADF34EFEBA0145CCBA5966EE72BFE3BD70BDEA46B7F4E988BF3E78F5BCB5DB9A7D6A2DCAFA8B5B83ADA2CDCDCAF90B5B83ADA2CC41557ABA1ADBFF5F9B2566DFB79CFE152702D975A4F4FCF0B870FAF42D78CDE916BAFBDB6760F353427DD0B4F4D4D651F3C6AF29AB5DCD53E77C1C22D40B8422C4088119A1C18693C553F1F34A46A6F8F9EF775500AAEE5520B7D71CDEA5A85DFD7ACBD3446BA6FFAEC673F9BFE1D1F1FAF7D756E921D8B5BB5ED2FF68D9675019A9CB8FAA5793FFA87EE57686A2DCA37DCCB4B6A454E1F7DE185D898CB9297A4CC2146687E60D41EB58D185227DF3C55DDB897D85C1D6BFE60E54A8C8C8CDCBB7B7768D73CF0D8E37D7D7DA17BF1EAABAFA69F50070707BBBBBB474747D3FD57FD57E7C6C38F5676D56F73B18F1B3F7969475CFAF4F3CED5E2B75BC17D0C4DAD45AB1FEE651C061D0D16FC64E36972BCE4429C17E2F9456EA1428CD3FCC048E3A97A257FF59E7B567C30BD70F87075E3BDBDBD79ED7EA9ACF983952BB173E7CE957D3F86C695BAECE6CD9F89DE91898989B1B1B1055FA72D621EB458F8169B498D675F72927594B56B66AB1E6E8B574E632969CCB4C5432897CB2FC405539BF7B110A335393076ECD851BD89A509B2E283E9AEEDDBAB1B1F1E1E5EF59D2EA3221CAC5CB6740B4F3F508676CD818181BD7BF7E6B88F73F3E0D5955D2D3CDA71C9891BCFBED8669B7CC705BFF58AEF5AFD77CC31B516855E032D5E4B8DD92D78A972BFA86D1B6E5ED7CCBCDB54ED33ADDC0CDB61B5558811A6A6A6AAD1747575BD73FACCCA0EA68D1B3756379E9A6EDE3B5A0A053F585952E89F07A53B887437517D018BBC5C1C0F178E06AD56365E3BCD251D71A94DB578AED05DCB31B516ADF275D224B2053F6EF6D3487E17BBDDC2CDEBDA58308BC60B23C41C75777757AFEA3D7BEE5FC1C1547B71CD64DE13F70429FEC14A73A14FA37FF9EEBBD3C6F3DDC1B991F04AD06AB2F186B1B4C0896B9F597C982D71CAD05DCB37B856845E032DA6DF186E7D580B1E2AF95EEC760BB71D426C0C74C9E084B80A464747AB7774D75F7FFD0A3EB479E3A64DD5CD0E0D0DE5BD8B6551FC8395E62A954AFAD931E25536D35DC3FAF5DD274E9CC87707E746C20F83D642ED7081D3CCFB60C1AF363FE3BC8D87EE54ED5BE41B5C2B56E17A5832FAC6441A836BE53859E50B9F77743F936F88F549CD0B5788B99B9E9EAEBD0AE64ABD53E581C71EAF2538393999F72E9645F10F5696343E3E7ED3CD3717F241CDEC834976246255B75CBFFD79DF6BDE099A9C72DE891BB7D36453717B9777744B5B85EB61C9E89B1C068B259ED7C56ECF70730CB176CBAAFFCC82590B312F3B77EEACE6D2D9D979E52F7EF4F29123B5F2BA65CB96BC77AE444A71B0B2A41B376D5AD95F8879E1F0E1EAB31E79EF597592BD1CB16A5BAE7ED0F88D6A9F6F3C4193132F78CAFAEF75E9232B21BB56FD467947B7B4D06BA0F50360B18F9B3E2496DBC56EB77073BF369AC42AC476B061C386EA159E6AE295BC87509A47692AD53695FB736EA552968395E6A6A7A7FBFAFA56EA8F844EBE792ADDA4D39D42DEBB75D1DC487869C5D7BCCD2EF85DAA9FACFFD2A583EA9233D69F78C1332EF9ED567C07F38E6E69AB703DB4720C2C96CE6209E67BB1DB2DDCDC43ACDDDC9ADC8A8598A3A3478F767575D53AE2E5BD3DFAB1D78ED78A666767E7FEFDFBF3DEAD7229CBC1CA92A6A6A652DDBCF2779E4D45F3C64D9B1E78F0A1BC77E8031123A1B13E2E38ABE6D5CA26DB69D238171C6CBA6655EE35A5F57472AF266D1B6E5ED7CC82B7CD166FB0EDB0DA2AC468A91AD6EE4E53535CEEABBB1F78ECF1DA53E7C9CE9D3BF3DEA1D229D1C1CA92262727D34F7EE96679254F9DA7C2DA3E45339B9B64172EBC18B1AA775B8B7DB2F6A58E45D49FA5F1E3054FD37C3B2BBE777947B7B4B8DD6FF12A6A8C6FB18B94EF456DE770DBEA9A691E565B5DD4B60A71154C4C4CD41EDDEC98FBCBF434685A7938F3A69B6FAEBFC354347351AE8395254D4F4F6FDCB871DBB63B4EBE796AB9BF0AF3E5BBEFAE3E119FF74E5C626E3CFCC05AEE5A13934CB805085788050871754C4D4DF5F4F4D417C7D438D3B46AFCEDAF5431BF7ACF3D030303F5274E55D553E77929DDC1CA922A954ABAF55E775D4FEA8E2DBEA4D9BDBB77A7D36FDD7A5B6AA8795FFCF9E626D994B5DCB5262699700B10AE100B10E2AA999E9EBEF3CE3B3B3B3B177C92A7AFAF6FB12F0D0F0FFB63A01C95F160A515E96679FBEDB7A71F046FDCB42955C9C65FC74E9FB9EFBE6FDC74F3CDE9349B377F66C137B46D077393ECFBD672D79A9864C22D40B8422C4088AB2C8DA7919191053B65A3FEFEFE83070FE67D91CBAEBC072BADA8542A131313E9565DFB0BBEFA272F52D11C1F1F6FF3F7F84A3FE6BEF7DE33172E7CCF5AD65A13934CB80508578805083117693CA50194C6536F6FEFBCF1D4DDDD3D3434B46BD72E8F65B689B21FAC145EBAD379E5956F5FB870D85AD65A13934CB8050857880508119A73B05270838383FFBE77D785EC05ABF5F5FDA96FF5F4F4E41DDDD2845B807085588010A1395D9382DBB163C7E8E82DB9CF86B5B5FE69ECAE919191BCA35B9A700B10AE100B102234A76B5270478F1EEDE9F9D87B95A72E64CF5B2DAEA1A1DF999898C83BBAA509B700E10AB100214273BA26C577E7455B2E64CF59ADAC7F1DFF9BE1E1C1BC436B95700B10AE100B102234A16B527C954AA5BFFF93070FFE4B963D6B355F274EECEBE9F9D8F4F481BC436B95700B10AE100B102234A16B520A535353BDBDD74D4D4D64D9A4B5D84A632C8DFCFDFBBF9E775CCB23DC02842BC40284088BD135298B83070FA661B663C79F64D93356E39A98B8BBA7A77BFFFE7FCC3BA8CB21DC02842BC40284080BD23529914AA5323A3AD2DFFF89B1B1BF3C71E2E12C3B644D4FFFE7F8F85F0F0F0F0C0DF5A78FF38EE8F209B700E10AB1002142235D93D2D9BF7FFFC8C81FAC5BF74B2DBEC559B175755D333C7C431A6679C7B232845B6F8D862BC47A6B3444A8A76B02001045D70400208AAE090040145D13008028BA26000051744D0000A2E89A000044D135010088A26B02001045D70400208AAE090040145D13008028BA26000051744D0000A2E89A000044D135010088A26B02001045D70400208AAE090040145D13008028BA26000051744D0000A2E89A000044D135010088A26B02001045D70400208AAE090040145D13008028BA26000051744D0000A2E89A000044D135010088A26B02001045D70400208AAE090040145D13008028BA26000051744D0000A2E89A000044D135010088A26B02001045D70400208AAE090040145D13008028BA26000051744D0000A2E89A000044D135010088A26B02001045D70400208AAE090040145D13008028BA26000051744D0000A2E89A000044D135010088A26B02001045D70400208AAE090040145D13008028BA26000051744D0000A2E89A000044D135010088A26B02001045D70400208AAE090040145D13008028BA26000051744D0000A2E89A000044D135010088A26B02001045D70400208AAE090040145D13008028BA26000051744D0000A2E89A000044D135010088A26B02001045D70400208AAE090040145D13008028BA26000051744D0000A2E89A000044D135010088A26B02001045D70400208AAE090040145D13008028BA26000051744D0000A2E89A000044D135010088A26B02001045D70400208AAE090040145D13008028BA26000051744D0000A2E89A000044D135010088A26B02001045D70400208AAE090040145D13008028BA26000051744D0000A2E89A000044D135010088A26B02001045D70400208AAE090040145D13008028BA26000051744D0000A2FC1F09F69D3C0693EDDD0000000049454E44AE426082, '0');
INSERT INTO `act_ge_bytearray` VALUES ('5002', '1', 'XBHS-YS.bpmn20.xml', '5001', 0x3C3F786D6C2076657273696F6E3D22312E302220656E636F64696E673D225554462D38223F3E0A3C646566696E6974696F6E7320786D6C6E733D22687474703A2F2F7777772E6F6D672E6F72672F737065632F42504D4E2F32303130303532342F4D4F44454C2220786D6C6E733A7873693D22687474703A2F2F7777772E77332E6F72672F323030312F584D4C536368656D612D696E7374616E63652220786D6C6E733A61637469766974693D22687474703A2F2F61637469766974692E6F72672F62706D6E2220786D6C6E733A62706D6E64693D22687474703A2F2F7777772E6F6D672E6F72672F737065632F42504D4E2F32303130303532342F44492220786D6C6E733A6F6D6764633D22687474703A2F2F7777772E6F6D672E6F72672F737065632F44442F32303130303532342F44432220786D6C6E733A6F6D6764693D22687474703A2F2F7777772E6F6D672E6F72672F737065632F44442F32303130303532342F44492220747970654C616E67756167653D22687474703A2F2F7777772E77332E6F72672F323030312F584D4C536368656D61222065787072657373696F6E4C616E67756167653D22687474703A2F2F7777772E77332E6F72672F313939392F585061746822207461726765744E616D6573706163653D22687474703A2F2F7777772E61637469766974692E6F72672F74657374223E0A20203C70726F636573732069643D227862687373712D797322206E616D653D22E58588E58A9EE5908EE5AEA1E4B89AE58AA1E794B3E8AFB728E4B880E5AEA129223E0A202020203C73746172744576656E742069643D2273746172746576656E743122206E616D653D225374617274223E3C2F73746172744576656E743E0A202020203C757365725461736B2069643D2277662D7862687373712D79735F737461727422206E616D653D22E58F91E8B5B7E6B581E7A88B222061637469766974693A63616E64696461746555736572733D22247B61737369676E65657D223E3C2F757365725461736B3E0A202020203C757365725461736B2069643D2277662D7862687373712D79735F656E6422206E616D653D22E5AEA1E6A0B8222061637469766974693A63616E64696461746555736572733D22247B61737369676E65657D223E0A2020202020203C646F63756D656E746174696F6E3E2F74736D2F796273782F667073782F66707378676C2F66707378676C2E646F3F7378737173703C2F646F63756D656E746174696F6E3E0A202020203C2F757365725461736B3E0A202020203C656E644576656E742069643D22656E646576656E743122206E616D653D22456E64223E3C2F656E644576656E743E0A202020203C73657175656E6365466C6F772069643D22666C6F773122206E616D653D222220736F757263655265663D2273746172746576656E743122207461726765745265663D2277662D7862687373712D79735F7374617274223E3C2F73657175656E6365466C6F773E0A202020203C73657175656E6365466C6F772069643D22666C6F773222206E616D653D222220736F757263655265663D2277662D7862687373712D79735F737461727422207461726765745265663D2277662D7862687373712D79735F656E64223E3C2F73657175656E6365466C6F773E0A202020203C73657175656E6365466C6F772069643D22666C6F773322206E616D653D222220736F757263655265663D2277662D7862687373712D79735F656E6422207461726765745265663D22656E646576656E7431223E3C2F73657175656E6365466C6F773E0A20203C2F70726F636573733E0A20203C62706D6E64693A42504D4E4469616772616D2069643D2242504D4E4469616772616D5F7862687373712D7973223E0A202020203C62706D6E64693A42504D4E506C616E652062706D6E456C656D656E743D227862687373712D7973222069643D2242504D4E506C616E655F7862687373712D7973223E0A2020202020203C62706D6E64693A42504D4E53686170652062706D6E456C656D656E743D2273746172746576656E7431222069643D2242504D4E53686170655F73746172746576656E7431223E0A20202020202020203C6F6D6764633A426F756E6473206865696768743D223335222077696474683D2233352220783D223137302220793D22313930223E3C2F6F6D6764633A426F756E64733E0A2020202020203C2F62706D6E64693A42504D4E53686170653E0A2020202020203C62706D6E64693A42504D4E53686170652062706D6E456C656D656E743D2277662D7862687373712D79735F7374617274222069643D2242504D4E53686170655F77662D7862687373712D79735F7374617274223E0A20202020202020203C6F6D6764633A426F756E6473206865696768743D223535222077696474683D223130352220783D223237302220793D22313830223E3C2F6F6D6764633A426F756E64733E0A2020202020203C2F62706D6E64693A42504D4E53686170653E0A2020202020203C62706D6E64693A42504D4E53686170652062706D6E456C656D656E743D2277662D7862687373712D79735F656E64222069643D2242504D4E53686170655F77662D7862687373712D79735F656E64223E0A20202020202020203C6F6D6764633A426F756E6473206865696768743D223535222077696474683D223130352220783D223434302220793D22313830223E3C2F6F6D6764633A426F756E64733E0A2020202020203C2F62706D6E64693A42504D4E53686170653E0A2020202020203C62706D6E64693A42504D4E53686170652062706D6E456C656D656E743D22656E646576656E7431222069643D2242504D4E53686170655F656E646576656E7431223E0A20202020202020203C6F6D6764633A426F756E6473206865696768743D223335222077696474683D2233352220783D223632302220793D22313930223E3C2F6F6D6764633A426F756E64733E0A2020202020203C2F62706D6E64693A42504D4E53686170653E0A2020202020203C62706D6E64693A42504D4E456467652062706D6E456C656D656E743D22666C6F7731222069643D2242504D4E456467655F666C6F7731223E0A20202020202020203C6F6D6764693A776179706F696E7420783D223230352220793D22323037223E3C2F6F6D6764693A776179706F696E743E0A20202020202020203C6F6D6764693A776179706F696E7420783D223237302220793D22323037223E3C2F6F6D6764693A776179706F696E743E0A2020202020203C2F62706D6E64693A42504D4E456467653E0A2020202020203C62706D6E64693A42504D4E456467652062706D6E456C656D656E743D22666C6F7732222069643D2242504D4E456467655F666C6F7732223E0A20202020202020203C6F6D6764693A776179706F696E7420783D223337352220793D22323037223E3C2F6F6D6764693A776179706F696E743E0A20202020202020203C6F6D6764693A776179706F696E7420783D223434302220793D22323037223E3C2F6F6D6764693A776179706F696E743E0A2020202020203C2F62706D6E64693A42504D4E456467653E0A2020202020203C62706D6E64693A42504D4E456467652062706D6E456C656D656E743D22666C6F7733222069643D2242504D4E456467655F666C6F7733223E0A20202020202020203C6F6D6764693A776179706F696E7420783D223534352220793D22323037223E3C2F6F6D6764693A776179706F696E743E0A20202020202020203C6F6D6764693A776179706F696E7420783D223632302220793D22323037223E3C2F6F6D6764693A776179706F696E743E0A2020202020203C2F62706D6E64693A42504D4E456467653E0A202020203C2F62706D6E64693A42504D4E506C616E653E0A20203C2F62706D6E64693A42504D4E4469616772616D3E0A3C2F646566696E6974696F6E733E, '0');
INSERT INTO `act_ge_bytearray` VALUES ('5003', '1', 'XBHS-YS.png', '5001', 0x89504E470D0A1A0A0000000D49484452000002F20000017108020000009E35DBF0000015D649444154789CEDDD7F6C9CF75D07F0A863C895A86AC46011FFC4137FD4D2805A6C52F217F190A88D048D25A6D6F04766A95A1769A2AB10DA2C505AC41A22C44A84B62A833558A00EA32995A5B525AC4D099074A63F52F74736AF6DD67469B7AC693A9726ED35B193876FEEC6E1F8C7F9CE7ECE4FEFF3BC5EFAA84AEDBBE7EE793EDFFB7EDFCF9DEF6E43060010C286A2EF0000403EC41A002008B106000842AC010082106B008020C41A002008B106000842AC010082106B008020C41A002008B106000842AC010082106B008020C41A002008B106000842AC010082106B008020C41A002008B106000842AC010082106B008020C41A002008B106000842AC010082106B008020C41A002008B106000842AC010082106B008020C41A002008B106000842AC010082106B008020C41A002008B106000842AC010082106B008020C41A002008B106000842AC010082106B008020C41A002008B106000842AC010082106B008020C41A002008B106000842AC010082106B008020C41A002008B106000842AC010082106B008020C41A002008B106000842AC010082106B008020C41A002008B106000842AC010082106B008020C41A002008B106000842AC010082106B008020C41A002008B106000842AC010082106B008020C41A002008B106000842AC010082106B008020C41A002008B106000842AC010082106B008020C41A002008B106000842AC010082106B008020C41A002008B106000842AC010082106B008020C41A002008B106000842AC010082106B008020C41A002008B106000842AC010082106B008020C41A002008B106000842AC010082106B008020C41A002008B106000842AC010082106B008020C41A002008B106000842AC010082106B008020C41A002008B106000842AC010082106B008020C41A002008B106000842AC010082106B008020C41A002008B106000842AC010082106B008020C41A002008B106000842AC010082106B008020C41A002008B106000842AC010082106B008020C41A002008B106000842AC010082106B008020C41A002008B106000842AC010082106B008020C41A002008B106000842AC010082106B008020C41A002008B106000842AC010082106B008020C41A002008B106000842AC010082106B008020C41A002008B106000842AC010082106B008020C41A002008B106000842AC010082106B008020C41A002008B106000842AC010082106B008020C41A002008B106000842AC010082106B008020C41A002008B106000842AC010082106B008020C41A002008B106000842AC010082106B008020C41A002008B106000842AC010082106B008020C41A002008B106000842AC010082106B008020C41A002008B106000842AC8155AA542AE3E3E3C3C3C3FDFDFD3D3D3D1BCA2AED7B3A0243434363636333333345B7659DE87E4D39BBCFFB995803AB71E0C08134A1A755EDBEFBEE7BE4E0C1978E1FBF303B5BCE4AFB9E8EC0FEFDFBB76FDF9E8E495ADE8A6E4EDBE97E99BBCFFB9C5803AD49A7A4232323030303275F3D7961F6829A5FA7DF389D96B774704E9D3A5574A3DA42F7CBDC7D3A8258032D48AB5A5F5FDFBDFBBE7661F6BC5AAE1E78F081CD9B379F3871A2E876E54CF7CBDC7D3A8558032D4867EAD555ED3DD5B81E39F8F0D6ADBF5974BB72A6FB65EE3E9D42AC81661D38706060E086D9B98A6AA63EFF853FD9B5EB8B45372D37BA5FE6EED341C41A684AA552E9E9E979F5B513B373EFAA66EAECB99F5C7FFDAF4F4F4F17DDBA1CE87E99BB4F67116BA029636363232323B373EFD4EB1383BFDBE49B60E75FAB54B56BD75F8C8E8E16DDBA1CE87E99BB4F67116BA029434343FBEFFF97FF5FD56E18F85196BD72317B7136FBCEF9EC99F3D99367E7F6DCFFE8B75E7BEBF10BD97F57B2C72BD9E177B287DFCBFEF6F073B7EEF84CE16B4C21F5D4D1C9BEBEBEA25B9703DD2F73F7E92C620D34A5B7B7F7D8B1A767E7CED52A9D859FCDB27397B2B7E6B2372F64EF64D91FFFE91D1BAEFAB92D370CBD369B9D3C9F9D7C2F3B51C95E9ACBBEF1ED67AAA7ECE74A5867CF9DE9EAEA2ABA7539D0FD32779FCE22D6B0824AA532313171E79D77A613D6FEFF333838987E323E3E5E9ECF15EDEEEE7EE3CC6BB373676B95D6AA772E66E72F5EFED5DCA5CBFFFDE643FFF6CBBFF2AB7F76D797E6B2ECEDB9ECADD9ECCDD92C1D9D879F78B6BAB09D2D67A57D2FB671B9D0FD32777FED1ACCA26363633EE6275FC61CCB4A8FC3F4C04BE75BE9A1981E7EFBF7DFFFC8C1476BF5C0830FEDDC79C7F0F0709AEEB76CD952868F16AD2E4E6FD72BFDEFB9B9ECCCBBD9858B3FBD404A787FF3E5AF7EF1AFBF7CF2879727A9D94BD985EA82F7D853CF2CB86EA92AC6C2A6FB65EEFE5AA45934CD9F2BFE01565F5FDFDEBD7B53FA29FAFE4650F631C792A6A6A66ADFF392E2CB85D9B9C675F8C863DBB77F2A3D2C0F1D3A54F41D6FA3EAE2F43FF5BABCB05DCC4EBF93FDF86C369B6517CE9FEFBDEEBA0D1B3EB06143D727FF60FBFC2B3E79F4E905D72D55C558D874BFCCDD5F9D341FA653BE26FFAEBCA6A7A727C5A0A2EF78C72BEF986339BB77EF4E19E591838FAE1868E6D7934F1DDDBA75EB8E1D3BA29E705417A7B7EA557B19229DAFFFF0EDECF5F7B2278F7DFFC31FFEF0077EE667AFBEF643C37F78C5C2F6C45347175CB754156361D3FD3277BF55690E1C191959FC7CCCE73FFF85F9CF79A7DAB9F38E81818105974CE793E57971BF1DCA38E6584E7A340E0F0F8F8E8EB61468E6D757EEB9A7BFBF3FE44BC5D5C569A65EE97FDFBD94BD59B97CBE7EFABDECE013D3BF76FDC73EF48BBF746DF7CF7FF51FBFF15E969D3D9FBD73FEF2150F4F3EB1E0BAA5AA180B9BEE97B9FB2D49B3DF8227696EBBED73D52F435D76DA3CFDC69934736EDCB871FED33653535345EF4AA72ADD98633929D3A447E3F8F8F8AA334DFD35A9B49D78DF0893E69AB9B99FD4AB365FA7B5EDADD9EC2717D259FBEC63CF9DB8FE373EFE89DFFE9DD7CF673FAE64AF57B233E7B3B4B41D7EFC8905D72D55C558D874BFCCDD6F5E9AF75222A9A793C1C1C1C6816641B8D9B9F38EFA75BBBABA2627278BDEA18E54AE314703C3C3C36BCF34F517A452B209F66AD482C5A9FF135B9FFDEE8B4F3E373D39357DE4E8F491A75F78ECD9E3FFFEF877BEFDDCCBFF79F485FF3AFABD234F7F6FF299179E7BF107F7FCDDBE9B6EBEA9F005C6C2B616BA5FE6EE37A9766658CF2577EDDAB58AC9F3BEFBBE9E024DFD399B90CF7CB75B89C61C0DECDEBD7B2DAF3D2DAEFDFBEF1F1A1A2A7AB7F2545DD8DE9C5F9FFDEC6756F80BC0AADFFFE427175CB154156361D3FD3277BF49E9CCB0DEF73401AEE5B4B0BBBBBBB69DFEFEFEA277ABF39468CCB19CA9A9A9BEBEBE1C334DAD6EBDF5337BF7EE2D7AE772535DD8CEA8562BC6C2A6FB65EE7E33262626D6F83CCDFC7AE0C187EA5BDBB3674FD13BD761CA32E66820659A747E907BAC39F9EA6B9B36F5847929EAF2C276F10DD56AC558D874BFCCDD6F469A456B296470703097F9B3FE77361B376E0C338BAE8FB28C399653FBB4A8DC334DAD6EBBED73614E35AA0BDB69D56AC558D874BFCCDD5FD1F8F8782D82747575A5D3B95C26CFB7CF9EABBF37EAF6DB6F2F7A173B4929C61C0DF4F7F7B7FA11352D3D61931E9945EF623EAA0BDBEBAAD58AB1B0E97E99BBBFA2348BD6F2473A91CB71FEBC77DFBEDA66BBBBBB8BDEC54E528A31C772666666D203A64D99A6569B376F8EF136C5EAC2F663D56AC558D874BFCCDD6F2CCDA2F5BF83C9EBA99A7A6DDAD453DB72ECCF70CF57FC3147036363632323236D8D3577EDDA353A3A5AF48E366B7C7C7CB94FDCA92E6CA754ABD5410B9BEE97B9FB8D35181B6916ADBF6B29F7F9F3D65B7FFA86BB0E9A450B1764CCB13A3B76ECD8BB776F5B63CD23071FED94F728BEF0C20BB519E49A6BAED9BF7FFF82DF5AD8622F6CBA5FE6EE37D6786CA45934AF37402D397FD636BE65CB9642F6BD13451873ACDAE0E060335F66B9967AE9F8F14D9B7A8ADED1A6542A95ABAEBAAA36897CF0831FFCE8473F3AFFFCACBAB0FD48B55A9DB2B0E97E99BBDF58E3B19166D1DAAFDA3197A6F9B3B6F19E9ECE9845DF0F228C3956AD4D6FED9E5F6F9F3DD7D5D555F48E366BFED7B224575F7DF52DB7DC527B7765FADF8B177FA85AAD0E5AD874BFCCDD6FACC1D8A8BFB5BB4D7369FD468B3E061DC3912AB5F458CDFD6FDC967C58D6DF29D0D12E5E7C4DB55A1B74BFC4B5214AF71BA8279EE6BFFEA9A5AA6FBFE8E5A2633852A5D6DBDBFBFCB163EB106B8ADED1665D7BEDB5F5D96AA82A4DCAD3D3D3D94FCFD75F55AD96EE97B93AA8FB8D35181B6916ADFDBC4D7369FD2BA28A3E061DC3912AB5B67E684DAD3AE86F6BEA6FD44CF3D4A73FFDE9F4DFF1F1F1FA6FAB0BDBC9F6557DFBCBDD504B77A0C1856BBF5A70C6D9D6FD2AB0A7CD2BB6FB79B5751543A5DD77B8C09EE6A5F1D8A83F1DD58EB9F4F41B676A1BF7D135CD8B30E658B59191917BF7ED6B6BAC397CE4B1CD9B3717BDA34D79E59557D289D1E0E0604F4FCFE8E8689ACBE6FFB6BA54FC20DF9ABFCDE5FEBDF88757C691952FBFE05A4DDE5C8EFB5854435BB2FEDD6FF2E835D6A0DD85DCE10EED7E638DC7469A456BBDF8CA3DF7E43E7F3E7FEC586DE37D7D7D45ED7EC78930E658B53D7BF6E4FBB1988B2BC5A6EDDB3F55F48E366B6262626C6C6CC90FA858CF58D3606D6B7CF5E6173FB166B175EE7EAB23A499F1D3B8FB85DCFF756F635B34181BBB77EFAE1DE734D1E53E7FDEB56B576DE3C3C3C3EBBED39D2AC8986375D2A3349D7FB435D60C0C0C1C3870A0E81DCD4175797825DF6AE25CFC8A0B2FBEFA729B6D708B4BDE74EEBB36FF168B6E5D0EDA7A885A3A988D47D18A0360FDEF70D1AD6BBBE9E9E9DAC1EFEEEE7EFBECB97CE7CFAD5BB7D6369E4255D13BDA31E28F391A6BEB5F0DA707797AA8C7F8FAD9CB4BC5A5136DAA66365EBFCC15CBD84A9B6AF25A6DDDB5A25B9783753E680B0EE0B2A9779946B734AE747FEDD2C961AD23FBF7DF9FE3FC59FFD09A64C12B5F34508A3147036D7D1DEA4B77DF9D365EF42EE6A3BA42BCDCA66AB0F1452BD91217AEFF64F9F56F854BB675D78A6E5D0EDA7A889A1F1B0DFE5D1F1BEBD3D652757F45A3A3A3B5037EFDF5D7E7F884CD8DDBB6D5363B343454F42E7692528C391AA8542AE954A31D9F5E931EDE9B36F59C3A75AAE85DCC477591F87E9B6AA920B2C46516FC63C9DF36BEE2828DB775A7EA375174EB72B00E07AAF9B1B1641F97EB6C81F73C4CF75734333353FF7499BCBE42E1F091C7EA6D9D9A9A2A7A173B4929C61C8D8D8F8FDF74F3CD9EAA69ACBA3C1C6F47D5B63C7FFB0B6E6BC1051A5C72C185176FA7C1A6DAB77745B72E07EB70A01A0F8F06FF6E307E0ABCDB91BADF8C3D7BF6D41E5F5D5D5D6B7FA7F74BC78FD773D28E1D3B8ADEB90E5396314763376EDB96EFABC2CF1F3B567B3EB6E83DCB4D758578A91D55DF72ED1F8B6FA8FEF3C5176870E1252F39FFB6AE3CEF6FCBAED56EA8E8D6E5A0AD8768C503B8FCB335CB0E9225C7462177BEE8D6AD9F2D5BB6D48E7F4A246BF9C4E1346DA6C9B3BEA9304F78AF9B128D391A989999D9BC79735E7F3B7CFA8D33E961991ED845EF569EAA8BC48BB9D782CD2E792BB51FCEFFD5956BDB15579C7FE125AFB8E2CDE5BE8345B72E07EB70A09A1921CDB772FED828B06274BF49274E9CE8EEEEAEC791D57D45D4C9575FAB679AAEAEAE43870E15BD5B9DA744638EC6A6A7A753B259FBD79AA44C73E3B66D0F3CF850D13B94B3762C128B93CA920BD28204D3603B0DC24D336BA1856D39EF8788D0B85F4B76B9F0BB1DA3FBCD4B29A4FE684DA1A4D50FE83B7CE4B1F9DFA9B967CF9EA277A823956BCCD1D8D4D4543A51480FADB5BCF694B251BC4C935517B64B975E6847D5A6B0E57E58FFD5122F425C79C525FFBDE4651A6F27F7BD2BBA753968DFF169F56036FED5E256167BCF6374BF25131313F5E76C3654DF1B95E6C3669EA4B9E9E69BE73F1E659A552BDD98A3B1999999AD5BB7EEDC79C7E937CEB4FA7AF097EEBEBBF64A56D13BD116D5E5E17BAAD58AB1B0E97E99BBDFAAE9E9E9FAF75FD6C34D9A5417BFCA9FD2CC57EEB967606060FE85532AF2DAD35A9471CCD158A552498FC0EBAEEB4D31A5C9CF60B877DFBE74F9DB6EFB5C0A4345DFFD76A92E6CD3AAD58AB1B0E97E99BBBF0AE9FCF0CE3BEFAC7FF9F602E9F46FB95F0D0F0FFB1BE1352AE9986345E9A175FBEDB7A7F3861BB76D4BA965F19FBFA59FDC77DFD76FBAF9E67499EDDB3FB5E4B7A544525DD8BEAB5AAD180B9BEE97B9FBAB9666D1FA1761AEA8BFBF7F7272B2E8BB1C41A9C71C2BAA542A131313E99159FFE3FCF94FABA64C333E3E5E924FF54E6757EFBEFBF4A54BDF512D558C854DF7CBDCFD354AB3689A27D32CDAD7D7B76016EDE9E9191A1ADABB77AF67687264CC4153D204F4F2CBDFBA74E9986AA9622C6CBA5FE6EED3598C3968CAE0E0E0BF1ED87B297B5E355FDF9DFE666F6F6FD1ADCB81EE97B9FB7416B1069AB27BF7EED1D15B0A5F2A3AABFE61ECAE919191A25B9703DD2F73F7E92C620D34E5C48913BDBD1F79B7F2E4A5EC39D5640D0DFDD6C4C444D1ADCB81EE97B9FB7416B1069A75E7653B2E65CFAA66EA9FC7FF6A7878B0E8A6E546F7CBDC7D3A885803CDAA542AFDFD1F9F9CFCA72C7B4635AE53A70EF6F67E6466E670D14DCB8DEE97B9FB7410B1065A303D3DDDD777DDF4F444964DA9E52AAD6A29011C3AF4B5A2DB9533DD2F73F7E914620DB466727232AD6DBB77FF51963DAD16D7C4C4DDBDBD3D870EFD7DD18D6A0BDD2F73F7E908620DB4AC52A98C8E8EF4F77F6C6CECCF4F9D7A38CB8EAA9999FF181FFFCBE1E181A1A1FEF4EFA25BD446BA5FE6EEF3FE27D6C02A1D3A746864E4F7366EFC85263F1C3DB6EEEE6B86876F486B5BD16D5927BA3F5FD9BACFFB995803000421D60000418835004010620D0010845803000421D60000418835004010620D0010845803000421D60000418835004010620D0010845803000421D60000418835004010620D0010845803000421D60000418835004010620D0010845803000421D60000418835004010620D0010845803000421D60000418835004010620D0010845803000421D60000418835004010620D0010845803000421D60000418835004010620D0010845803000421D60000418835004010620D0010845803000421D60000418835004010620D0010845803000421D60000418835004010620D0010845803000421D60000418835004010620D0010845803000421D60000418835004010620D0010845803000421D60000418835004010620D0010845803000421D60000418835004010620D0010845803000421D60000418835004010620D0010845803000421D60000418835004010620D0010845803000421D60000418835004010620D0010845803000421D60000418835004010620D0010845803000421D60000418835004010620D0010845803000421D60000418835004010620D0010845803000421D60000418835004010620D0010845803000421D60000418835004010620D0010845803000421D60000418835004010620D0010845803000421D60000418835004010620D0010845803000421D60000418835004010620D0010845803000421D60000418835004010620D0010845803000421D60000418835004010620D0010845803000421D60000418835004010620D0010845803000421D60000418835004010620D0010845803000421D60000418835004010620D0010845803000421D60000418835004010620D0010845803000421D6000041FC2F6CF44A0B4EC8D4790000000049454E44AE426082, '0');
INSERT INTO `act_ge_bytearray` VALUES ('5006', '1', 'XBHS-ES.bpmn20.xml', '5005', 0x3C3F786D6C2076657273696F6E3D22312E302220656E636F64696E673D225554462D38223F3E0A3C646566696E6974696F6E7320786D6C6E733D22687474703A2F2F7777772E6F6D672E6F72672F737065632F42504D4E2F32303130303532342F4D4F44454C2220786D6C6E733A7873693D22687474703A2F2F7777772E77332E6F72672F323030312F584D4C536368656D612D696E7374616E63652220786D6C6E733A61637469766974693D22687474703A2F2F61637469766974692E6F72672F62706D6E2220786D6C6E733A62706D6E64693D22687474703A2F2F7777772E6F6D672E6F72672F737065632F42504D4E2F32303130303532342F44492220786D6C6E733A6F6D6764633D22687474703A2F2F7777772E6F6D672E6F72672F737065632F44442F32303130303532342F44432220786D6C6E733A6F6D6764693D22687474703A2F2F7777772E6F6D672E6F72672F737065632F44442F32303130303532342F44492220747970654C616E67756167653D22687474703A2F2F7777772E77332E6F72672F323030312F584D4C536368656D61222065787072657373696F6E4C616E67756167653D22687474703A2F2F7777772E77332E6F72672F313939392F585061746822207461726765744E616D6573706163653D22687474703A2F2F7777772E61637469766974692E6F72672F74657374223E0A20203C70726F636573732069643D227862687373712D657322206E616D653D22E58588E58A9EE5908EE5AEA1E4B89AE58AA1E794B3E8AFB728E4BA8CE5AEA129223E0A202020203C73746172744576656E742069643D2273746172746576656E743122206E616D653D225374617274223E3C2F73746172744576656E743E0A202020203C757365725461736B2069643D2277662D7862687373712D65735F737461727422206E616D653D22E58F91E8B5B7E6B581E7A88B222061637469766974693A63616E64696461746555736572733D22247B61737369676E65657D223E3C2F757365725461736B3E0A202020203C757365725461736B2069643D2277662D7862687373712D65735F637322206E616D653D22E5889DE5AEA1222061637469766974693A63616E64696461746555736572733D22247B61737369676E65657D223E0A2020202020203C646F63756D656E746174696F6E3E2F74736D2F796273782F667073782F66707378676C2F66707378676C2E646F3F7378737173703C2F646F63756D656E746174696F6E3E0A202020203C2F757365725461736B3E0A202020203C656E644576656E742069643D22656E646576656E743122206E616D653D22456E64223E3C2F656E644576656E743E0A202020203C757365725461736B2069643D2277662D7862687373712D65735F7A7322206E616D653D22E7BB88E5AEA1222061637469766974693A63616E64696461746555736572733D22247B61737369676E65657D223E0A2020202020203C646F63756D656E746174696F6E3E2F74736D2F796273782F667073782F66707378676C2F66707378676C2E646F3F7378737173703C2F646F63756D656E746174696F6E3E0A202020203C2F757365725461736B3E0A202020203C73657175656E6365466C6F772069643D22666C6F773122206E616D653D222220736F757263655265663D2273746172746576656E743122207461726765745265663D2277662D7862687373712D65735F7374617274223E3C2F73657175656E6365466C6F773E0A202020203C73657175656E6365466C6F772069643D22666C6F773222206E616D653D222220736F757263655265663D2277662D7862687373712D65735F737461727422207461726765745265663D2277662D7862687373712D65735F6373223E3C2F73657175656E6365466C6F773E0A202020203C73657175656E6365466C6F772069643D22666C6F773322206E616D653D222220736F757263655265663D2277662D7862687373712D65735F637322207461726765745265663D2277662D7862687373712D65735F7A73223E3C2F73657175656E6365466C6F773E0A202020203C73657175656E6365466C6F772069643D22666C6F773422206E616D653D222220736F757263655265663D2277662D7862687373712D65735F7A7322207461726765745265663D22656E646576656E7431223E3C2F73657175656E6365466C6F773E0A20203C2F70726F636573733E0A20203C62706D6E64693A42504D4E4469616772616D2069643D2242504D4E4469616772616D5F7862687373712D6573223E0A202020203C62706D6E64693A42504D4E506C616E652062706D6E456C656D656E743D227862687373712D6573222069643D2242504D4E506C616E655F7862687373712D6573223E0A2020202020203C62706D6E64693A42504D4E53686170652062706D6E456C656D656E743D2273746172746576656E7431222069643D2242504D4E53686170655F73746172746576656E7431223E0A20202020202020203C6F6D6764633A426F756E6473206865696768743D223335222077696474683D2233352220783D223137302220793D22313930223E3C2F6F6D6764633A426F756E64733E0A2020202020203C2F62706D6E64693A42504D4E53686170653E0A2020202020203C62706D6E64693A42504D4E53686170652062706D6E456C656D656E743D2277662D7862687373712D65735F7374617274222069643D2242504D4E53686170655F77662D7862687373712D65735F7374617274223E0A20202020202020203C6F6D6764633A426F756E6473206865696768743D223535222077696474683D223130352220783D223234362220793D22313830223E3C2F6F6D6764633A426F756E64733E0A2020202020203C2F62706D6E64693A42504D4E53686170653E0A2020202020203C62706D6E64693A42504D4E53686170652062706D6E456C656D656E743D2277662D7862687373712D65735F6373222069643D2242504D4E53686170655F77662D7862687373712D65735F6373223E0A20202020202020203C6F6D6764633A426F756E6473206865696768743D223535222077696474683D223130352220783D223430352220793D22313830223E3C2F6F6D6764633A426F756E64733E0A2020202020203C2F62706D6E64693A42504D4E53686170653E0A2020202020203C62706D6E64693A42504D4E53686170652062706D6E456C656D656E743D22656E646576656E7431222069643D2242504D4E53686170655F656E646576656E7431223E0A20202020202020203C6F6D6764633A426F756E6473206865696768743D223335222077696474683D2233352220783D223733352220793D22313930223E3C2F6F6D6764633A426F756E64733E0A2020202020203C2F62706D6E64693A42504D4E53686170653E0A2020202020203C62706D6E64693A42504D4E53686170652062706D6E456C656D656E743D2277662D7862687373712D65735F7A73222069643D2242504D4E53686170655F77662D7862687373712D65735F7A73223E0A20202020202020203C6F6D6764633A426F756E6473206865696768743D223535222077696474683D223130352220783D223535362220793D22313830223E3C2F6F6D6764633A426F756E64733E0A2020202020203C2F62706D6E64693A42504D4E53686170653E0A2020202020203C62706D6E64693A42504D4E456467652062706D6E456C656D656E743D22666C6F7731222069643D2242504D4E456467655F666C6F7731223E0A20202020202020203C6F6D6764693A776179706F696E7420783D223230352220793D22323037223E3C2F6F6D6764693A776179706F696E743E0A20202020202020203C6F6D6764693A776179706F696E7420783D223234362220793D22323037223E3C2F6F6D6764693A776179706F696E743E0A2020202020203C2F62706D6E64693A42504D4E456467653E0A2020202020203C62706D6E64693A42504D4E456467652062706D6E456C656D656E743D22666C6F7732222069643D2242504D4E456467655F666C6F7732223E0A20202020202020203C6F6D6764693A776179706F696E7420783D223335312220793D22323037223E3C2F6F6D6764693A776179706F696E743E0A20202020202020203C6F6D6764693A776179706F696E7420783D223430352220793D22323037223E3C2F6F6D6764693A776179706F696E743E0A2020202020203C2F62706D6E64693A42504D4E456467653E0A2020202020203C62706D6E64693A42504D4E456467652062706D6E456C656D656E743D22666C6F7733222069643D2242504D4E456467655F666C6F7733223E0A20202020202020203C6F6D6764693A776179706F696E7420783D223531302220793D22323037223E3C2F6F6D6764693A776179706F696E743E0A20202020202020203C6F6D6764693A776179706F696E7420783D223535362220793D22323037223E3C2F6F6D6764693A776179706F696E743E0A2020202020203C2F62706D6E64693A42504D4E456467653E0A2020202020203C62706D6E64693A42504D4E456467652062706D6E456C656D656E743D22666C6F7734222069643D2242504D4E456467655F666C6F7734223E0A20202020202020203C6F6D6764693A776179706F696E7420783D223636312220793D22323037223E3C2F6F6D6764693A776179706F696E743E0A20202020202020203C6F6D6764693A776179706F696E7420783D223733352220793D22323037223E3C2F6F6D6764693A776179706F696E743E0A2020202020203C2F62706D6E64693A42504D4E456467653E0A202020203C2F62706D6E64693A42504D4E506C616E653E0A20203C2F62706D6E64693A42504D4E4469616772616D3E0A3C2F646566696E6974696F6E733E, '0');
INSERT INTO `act_ge_bytearray` VALUES ('5007', '1', 'XBHS-ES.png', '5005', 0x89504E470D0A1A0A0000000D49484452000003790000016108020000004288F45D0000172F49444154789CEDDD7F6C9CF75D0770AB63C895A86AC46011FFC4137FD4D2805A6C92F317F190A88D048D25A6D6F04766A95A176922AD10DA2C505AC41A22C44A84B62A833558A00EA32995A5B525AC4D1720ED427FA4EE8F6C5EDBACE9D27459D3742E4DDA6B62270FDFF8CAEDE2B3CFE7C41F3FE7E779BDF455E4D8778FEFB9F773F779FBCEBEEBC80000204647DE17000080C2D235010088A26B02001045D70400208AAE090040145D13008028BA26000051744D0000A2E89A000044D135010088A26B02001045D70400208AAE090040145D13008028BA26000051744D0000A2E89A000044D135010088A26B02001045D70400208AAE090040145D13008028BA26000051744D0000A2E89A000044D135010088A26B02001045D70400208AAE090040145D13008028BA26000051744D0000A2E89A000044D135010088A26B02001045D70400208AAE090040145D13008028BA26000051744D0000A2E89A000044D135010088A26B02001045D70400208AAE090040145D13008028BA26000051744D0000A2E89A000044D135010088A26B02001045D70400208AAE090040145D13008028BA26000051744D0000A2E89A000044D135010088A26B02001045D70400208AAE090040145D13008028BA26000051744D0000A2E89A000044D135010088A26B02001045D70400208AAE090040145D13008028BA26000051744D0000A2E89A000044D135010088A26B02001045D70400208AAE090040145D13008028BA26000051744D0000A2E89A000044D135010088A26B02001045D70400208AAE090040145D13008028BA26000051744D0000A2E89A000044D135010088A26B02001045D70400208AAE090040145D13008028BA26000051744D0000A2E89A000044D135010088A26B02001045D70400208AAE090040145D13008028BA26000051744D0000A2E89A000044D135010088A26B02001045D70400208AAE090040145D13008028BA26000051744D0000A2E89A000044D135010088A26B02001045D70400208AAE090040145D13008028BA26000051744D0000A2E89A000044D135010088A26B02001045D70400208AAE090040145D13008028BA26000051744D0000A2E89A000044D135010088A26B02001045D70400208AAE090040145D13008028BA26000051744D0000A2E89A000044D135010088A26B02001045D70400208AAE090040145D13008028BA26000051744D0000A2E89A000044D135010088A26B02001045D70400208AAE090040145D13008028BA26000051744D0000A2E89A000044D135010088A26B02001045D70400208AAE090040145D13008028BA26000051744D0000A2E89A000044D135010088A26B02001045D70400208AAE090040145D13008028BA26000051744D0000A2E89A000044D135010088A26B02001045D70400208AAE090040145D13008028BA26000051744D0000A2E89A000044D135010088A26B02001045D7A4742A95CAF8F8F8F0F0707F7F7F7777774759A57D4FD7C0D0D0D0D8D8D8F4F474DEB1AC0CE156ADE9708558B5A643847ABA26E5B277EFDE740F9EC6D87DF7DDF7C8BE7D2F1F39726E66A69C2BED7BBA06F6ECD9B379F3E6749DA479967738574AB805085788050811E6D135298BE9E9E991919181818163AF1D3B3773CEAA5F27DF3C99E659BA724E9C389177509743B80508578805081116A46B520A698CF5F6F6DEBBFBEBE766CE5A8BAD071E7CA0AFAFEFE8D1A379C7B53CC22D40B8422C4088B0185D9352181919991B63EF5BCDD723FB1EDEB8F1B7F38E6B79845B8070855880106131BA26C5B777EFDE81811B66662B562BEB0B5FFCB3EDDBBF947768AD126E01C2156201428426744D0AAE52A9747777BF76FCE8CCEC7B562BEBF4999F5E7FFD6F4E4D4DE51DDDD2845B807085588010A1395D93821B1B1B1B191999997DB7B63E35F8FB2DBEE648FDB94AB5B66FFFABD1D1D1BCA35B9A700B10AE100B102234A76B52704343437BEEFFB79F8DB11B067E9C65AF9ECF5E9AC9BE77367BF66CF6D4E9D99DF73FFAEDE36F3F712EFB9F4AF644253BF06EF6F0FBD9DF1F78FED62D9FCB7DA8E4B29E3E74B0B7B737EFE89626DC02842BC4028408CDE99A145C4F4FCFE1C3CFCCCC9EA9AE8E8E8ED35976E642F6F66CF6D6B9ECDD2CFBD33FBFA3E3AA5FD870C3D0F199ECD8D9ECD8FBD9D14AF6F26CF6CDEF3E3BF7C0C99912AED3674E757676E61DDDD2845B807085588010A1395D9325542A958989893BEFBC736868A8FFFF0D0E0EA6CF8C8F8FB7FFBB59747575BD79EAF8CCECE9EA4AC3E9DDF3D9D9F317BF347BE1E2BFDF7AE83F7EF5D77EFD2FEEFAF26C96BD339BBD3D93BD3593A5BD7AF8C9E7E626D9E972AEB4EFF906D70AE116205C211620C4BC34194F6363635E8BB47D38585954BA0DA71B6DFAE939DD8CD34D77CF9EFB1FD9F768753DF0E043DBB6DD313C3C9CE6C4860D1BDAF90D2DE6A6D13BB595FE7B66363BF55E76EEFC07274875F9EFBEF2B52FFDED578EBD7EF18E69E642766E6EC23DFEF4B3F3CE5BAAB5262699700B10AE100B10E2EA4BE3290DA6257FA3B7B7B777D7AE5DA992E67D79CBAED4072B8B999C9CACBE0F6FEA94E766669BAF038F3DBE79F367D24D7AFFFEFD795FF005CC4DA3FFADAD8B93EC7C76F2DDEC27A7B3992C3B77F66CCF75D775747CA8A3A3F3D37FB4B9FE8C4F1D7A66DE794BB5D6C424136E01C2156201425C4D69D06CD8B0A1C5BF1EABEAEEEE4EDD34EF0B5E6A253D586962C78E1DA9383EB2EFD1255B66FD7AEAE9431B376EDCB2654BBBFD0439378DDEAEADEA3374A7DECB5E7F277BE3FDECA9C33FFCE8473FFAA19FFBF9ABAFFDC8F01F5F32C99E7CFAD0BCF3966AAD894926DC02842BC40284B83AD270191919697CE4F20B5FF862FDD36E696DDB76C7C0C0C0BC530E0D0DB5FF2F7D1555E90E569A48B7E4E1E1E1D1D1D165B5CCFAF5D57BEEE9EFEF6FABDF92999B46D3B595FEFBDE85ECADCAC5474D4EBE9FED7B72EA37AEFFC4477EF957AEEDFAC5AFFDF337DFCFB2D367B377CF5E3CE381834FCE3B6FA9D69A9864C22D40B8422C4088AB208D95790F676EDD7ADBCB478E34994727DF3C9546D2BA75EBEA1FE09C9C9CCC7B57CAA85C072B4DA4A2996EC9E3E3E3975D346B4FA9A7EDB4CF3BF6A6FB97D9D99FD656F50E3A0DB3B767B29F9ECB5E7F67E6F1E78F5EFF5B9FFCD4EFFEDE1B67B39F54B2372AD9A9B3599A65079E7872DE794BB5D6C424136E01C2156201428C96064AAA89B5CA383838D8BC65CE6B9CDBB6DD513B6F6767E7C18307F3DEA1D229D1C14A73C3C3C3575E346BCFA7A7BAD9264FA6CF9B46FD9FDAF8DCF75F7AEAF9A98393538F1D9A7AEC99171F7FEEC8779EF8DE779F7FE5BF0EBDF8DF877EF0D8333F38F8EC8BCFBFF4A37BFE61F74D37DF94FB4431C99A106E01C2156201420C557D1CA45616EFDABEFD32A6D27DF77D23B5CCDAA39B6DF5E45B1994E560A5B91D3B765CC953E78D6BCF9EFB878686F2DEAD8BE626D95BF5EBF39FFF5CC3EF8E2FE00F3FFDE979672CD55A13934CB805085788050831D4F0F0702DF43459AEE44190AEAEAEEA76FAFBFBF3DEAD7229CBC14A13939393BDBDBD2B5834ABEBD65B3FB76BD7AEBC77AE3AC94E59CB5D6B629209B700E10AB10021C6999898A815CDCB7B44B37E3DF0E043B5ADEDDCB933EF9D2B91521CAC34978A66FA816FC5BBE6B1D78EAF5FDF9DFB33E91727D9F937ADE5AE3531C9845B807085588010E3A4F154AD868383832B32986ABFBBB96EDDBADCC7537994E260A589EA2BE2AE78D1ACAEAD5B6FCBFD67C7B94976D25AEE5A13934CB805085788050831C8F8F878B5177676761E7BEDF88A4CA5774E9FA9FD65FAEDB7DF9EF72E9645F10F569AEBEFEF5FEE4B692EEBA1CD74ABCE7707E726D91BD672D79A9864C22D40B8422C408841D278AA96C2AD5B6F5BC1C174EFEEDDD5CD767575E5BD8B6551FC839526A6A7A7D38D2DA86856575F5F5FBE2F303137C97E622D77AD894926DC02842BC4028418218DA7DAEF56AED4839AB5B57E7D7775CBEDF97677C553F08395E6C6C6C646464642BBE65DDBB78F8E8E46EFC8F8F8F862AFE83937C94E58CB5DED33C9845B80708558801023343930D278AAFDCDF88A0FA65B6FFDE0B50E56613C91E99A25B765CB965DBB768576CD47F63D1AFDEA122FBEF862F55EE39A6BAED9B367CFBCAF9A646B7A9209B700E10AB1002146687E60A4F1B4527F7EBEE060AA6E7CC3860DB9EC7BD9ACF983952B313838F8C0830F8576CD978F1C59BFBE3B742F2A95CA55575D55BDE3F8F0873FFCF18F7FBCFE07E5B949F6636BB9AB4D2699700B10AE100B106284E607461A4FD52F450CA93498AA1BEFEE8E1D4F54ADF983952B11F46A47F5EB9DD3673A3B3BA377A4FE1D6F93ABAFBEFA965B6EA9BE9E45FAEFF9F3AF5BCB5DED33C9845B807085588010233439306AAF761434A46ADF34EFEBA0145CCBA5966EE72BFE3BD70BDEA46B7F4E988BF3E78F5BCB5DB9A7D6A2DCAFA8B5B83ADA2CDCDCAF90B5B83ADA2CC41557ABA1ADBFF5F9B2566DFB79CFE152702D975A4F4FCF0B870FAF42D78CDE916BAFBDB6760F353427DD0B4F4D4D651F3C6AF29AB5DCD53E77C1C22D40B8422C4088119A1C18693C553F1F34A46A6F8F9EF775500AAEE5520B7D71CDEA5A85DFD7ACBD3446BA6FFAEC673F9BFE1D1F1FAF7D756E921D8B5BB5ED2FF68D9675019A9CB8FAA5793FFA87EE57686A2DCA37DCCB4B6A454E1F7DE185D898CB9297A4CC2146687E60D41EB58D185227DF3C55DDB897D85C1D6BFE60E54A8C8C8CDCBB7B7768D73CF0D8E37D7D7DA17BF1EAABAFA69F50070707BBBBBB474747D3FD57FD57E7C6C38F5676D56F73B18F1B3F7969475CFAF4F3CED5E2B75BC17D0C4DAD45AB1FEE651C061D0D16FC64E36972BCE4429C17E2F9456EA1428CD3FCC048E3A97A257FF59E7B567C30BD70F87075E3BDBDBD79ED7EA9ACF983952BB173E7CE957D3F86C695BAECE6CD9F89DE91898989B1B1B1055FA72D621EB458F8169B498D675F72927594B56B66AB1E6E8B574E632969CCB4C5432897CB2FC405539BF7B110A335393076ECD851BD89A509B2E283E9AEEDDBAB1B1F1E1E5EF59D2EA3221CAC5CB6740B4F3F508676CD818181BD7BF7E6B88F73F3E0D5955D2D3CDA71C9891BCFBED8669B7CC705BFF58AEF5AFD77CC31B516855E032D5E4B8DD92D78A972BFA86D1B6E5ED7CCBCDB54ED33ADDC0CDB61B5558811A6A6A6AAD1747575BD73FACCCA0EA68D1B3756379E9A6EDE3B5A0A053F585952E89F07A53B887437517D018BBC5C1C0F178E06AD56365E3BCD251D71A94DB578AED05DCB31B516ADF275D224B2053F6EF6D3487E17BBDDC2CDEBDA58308BC60B23C41C75777757AFEA3D7BEE5FC1C1547B71CD64DE13F70429FEC14A73A14FA37FF9EEBBD3C6F3DDC1B991F04AD06AB2F186B1B4C0896B9F597C982D71CAD05DCB37B856845E032DA6DF186E7D580B1E2AF95EEC760BB71D426C0C74C9E084B80A464747AB7774D75F7FFD0A3EB479E3A64DD5CD0E0D0DE5BD8B6551FC8395E62A954AFAD931E25536D35DC3FAF5DD274E9CC87707E746C20F83D642ED7081D3CCFB60C1AF363FE3BC8D87EE54ED5BE41B5C2B56E17A5832FAC6441A836BE53859E50B9F77743F936F88F549CD0B5788B99B9E9EAEBD0AE64ABD53E581C71EAF2538393999F72E9645F10F5696343E3E7ED3CD3717F241CDEC834976246255B75CBFFD79DF6BDE099A9C72DE891BB7D36453717B9777744B5B85EB61C9E89B1C068B259ED7C56ECF70730CB176CBAAFFCC82590B312F3B77EEACE6D2D9D979E52F7EF4F29123B5F2BA65CB96BC77AE444A71B0B2A41B376D5AD95F8879E1F0E1EAB31E79EF597592BD1CB16A5BAE7ED0F88D6A9F6F3C4193132F78CAFAEF75E9232B21BB56FD467947B7B4D06BA0F50360B18F9B3E2496DBC56EB77073BF369AC42AC476B061C386EA159E6AE295BC87509A47692AD53695FB736EA552968395E6A6A7A7FBFAFA56EA8F844EBE792ADDA4D39D42DEBB75D1DC487869C5D7BCCD2EF85DAA9FACFFD2A583EA9233D69F78C1332EF9ED567C07F38E6E69AB703DB4720C2C96CE6209E67BB1DB2DDCDC43ACDDDC9ADC8A8598A3A3478F767575D53AE2E5BD3DFAB1D78ED78A666767E7FEFDFBF3DEAD7229CBC1CA92A6A6A652DDBCF2779E4D45F3C64D9B1E78F0A1BC77E8031123A1B13E2E38ABE6D5CA26DB69D238171C6CBA6655EE35A5F57472AF266D1B6E5ED7CC82B7CD166FB0EDB0DA2AC468A91AD6EE4E53535CEEABBB1F78ECF1DA53E7C9CE9D3BF3DEA1D229D1C1CA92262727D34F7EE96679254F9DA7C2DA3E45339B9B64172EBC18B1AA775B8B7DB2F6A58E45D49FA5F1E3054FD37C3B2BBE777947B7B4B8DD6FF12A6A8C6FB18B94EF456DE770DBEA9A691E565B5DD4B60A71154C4C4CD41EDDEC98FBCBF434685A7938F3A69B6FAEBFC354347351AE8395254D4F4F6FDCB871DBB63B4EBE796AB9BF0AF3E5BBEFAE3E119FF74E5C626E3CFCC05AEE5A13934CB805085788050871754C4D4DF5F4F4D417C7D438D3B46AFCEDAF5431BF7ACF3D030303F5274E55D553E77929DDC1CA922A954ABAF55E775D4FEA8E2DBEA4D9BDBB77A7D36FDD7A5B6AA8795FFCF9E626D994B5DCB5262699700B10AE100B10E2AA999E9EBEF3CE3B3B3B3B177C92A7AFAF6FB12F0D0F0FFB63A01C95F160A515E96679FBEDB7A71F046FDCB42955C9C65FC74E9FB9EFBE6FDC74F3CDE9349B377F66C137B46D077393ECFBD672D79A9864C22D40B8422C4088AB2C8DA7919191053B65A3FEFEFE83070FE67D91CBAEBC072BADA8542A131313E9565DFB0BBEFA272F52D11C1F1F6FF3F7F84A3FE6BEF7DE33172E7CCF5AD65A13934CB80508578805083117693CA50194C6536F6FEFBCF1D4DDDD3D3434B46BD72E8F65B689B21FAC145EBAD379E5956F5FB870D85AD65A13934CB8050857880508119A73B05270838383FFBE77D785EC05ABF5F5FDA96FF5F4F4E41DDDD2845B807085588010A1395D9382DBB163C7E8E82DB9CF86B5B5FE69ECAE919191BCA35B9A700B10AE100B102234A76B5270478F1EEDE9F9D87B95A72E64CF5B2DAEA1A1DF999898C83BBAA509B700E10AB100214273BA26C577E7455B2E64CF59ADAC7F1DFF9BE1E1C1BC436B95700B10AE100B102234A16B527C954AA5BFFF93070FFE4B963D6B355F274EECEBE9F9D8F4F481BC436B95700B10AE100B102234A16B520A535353BDBDD74D4D4D64D9A4B5D84A632C8DFCFDFBBF9E775CCB23DC02842BC40284088BD135298B83070FA661B663C79F64D93356E39A98B8BBA7A77BFFFE7FCC3BA8CB21DC02842BC40284080BD23529914AA5323A3AD2DFFF89B1B1BF3C71E2E12C3B644D4FFFE7F8F85F0F0F0F0C0DF5A78FF38EE8F209B700E10AB1002142235D93D2D9BF7FFFC8C81FAC5BF74B2DBEC559B175755D333C7C431A6679C7B232845B6F8D862BC47A6B3444A8A76B02001045D70400208AAE090040145D13008028BA26000051744D0000A2E89A000044D135010088A26B02001045D70400208AAE090040145D13008028BA26000051744D0000A2E89A000044D135010088A26B02001045D70400208AAE090040145D13008028BA26000051744D0000A2E89A000044D135010088A26B02001045D70400208AAE090040145D13008028BA26000051744D0000A2E89A000044D135010088A26B02001045D70400208AAE090040145D13008028BA26000051744D0000A2E89A000044D135010088A26B02001045D70400208AAE090040145D13008028BA26000051744D0000A2E89A000044D135010088A26B02001045D70400208AAE090040145D13008028BA26000051744D0000A2E89A000044D135010088A26B02001045D70400208AAE090040145D13008028BA26000051744D0000A2E89A000044D135010088A26B02001045D70400208AAE090040145D13008028BA26000051744D0000A2E89A000044D135010088A26B02001045D70400208AAE090040145D13008028BA26000051744D0000A2E89A000044D135010088A26B02001045D70400208AAE090040145D13008028BA26000051744D0000A2E89A000044D135010088A26B02001045D70400208AAE090040145D13008028BA26000051744D0000A2E89A000044D135010088A26B02001045D70400208AAE090040145D13008028BA26000051744D0000A2E89A000044D135010088A26B02001045D70400208AAE090040145D13008028BA26000051744D0000A2E89A000044D135010088A26B02001045D70400208AAE090040145D13008028BA26000051744D0000A2FC1F09F69D3C0693EDDD0000000049454E44AE426082, '0');

-- ----------------------------
-- Table structure for `act_ge_property`
-- ----------------------------
DROP TABLE IF EXISTS `act_ge_property`;
CREATE TABLE `act_ge_property` (
  `NAME_` varchar(64) COLLATE utf8_bin NOT NULL DEFAULT '',
  `VALUE_` varchar(300) COLLATE utf8_bin DEFAULT NULL,
  `REV_` int(11) DEFAULT NULL,
  PRIMARY KEY (`NAME_`)
) ENGINE=InnoDB DEFAULT CHARSET=utf8 COLLATE=utf8_bin;

-- ----------------------------
-- Records of act_ge_property
-- ----------------------------
INSERT INTO `act_ge_property` VALUES ('next.dbid', '32501', '14');
INSERT INTO `act_ge_property` VALUES ('schema.history', 'create(5.16.1)', '1');
INSERT INTO `act_ge_property` VALUES ('schema.version', '5.16.1', '1');

-- ----------------------------
-- Table structure for `act_hi_actinst`
-- ----------------------------
DROP TABLE IF EXISTS `act_hi_actinst`;
CREATE TABLE `act_hi_actinst` (
  `ID_` varchar(64) COLLATE utf8_bin NOT NULL,
  `PROC_DEF_ID_` varchar(64) COLLATE utf8_bin NOT NULL,
  `PROC_INST_ID_` varchar(64) COLLATE utf8_bin NOT NULL,
  `EXECUTION_ID_` varchar(64) COLLATE utf8_bin NOT NULL,
  `ACT_ID_` varchar(255) COLLATE utf8_bin NOT NULL,
  `TASK_ID_` varchar(64) COLLATE utf8_bin DEFAULT NULL,
  `CALL_PROC_INST_ID_` varchar(64) COLLATE utf8_bin DEFAULT NULL,
  `ACT_NAME_` varchar(255) COLLATE utf8_bin DEFAULT NULL,
  `ACT_TYPE_` varchar(255) COLLATE utf8_bin NOT NULL,
  `ASSIGNEE_` varchar(255) COLLATE utf8_bin DEFAULT NULL,
  `START_TIME_` datetime(3) NOT NULL,
  `END_TIME_` datetime(3) DEFAULT NULL,
  `DURATION_` bigint(20) DEFAULT NULL,
  `TENANT_ID_` varchar(255) COLLATE utf8_bin DEFAULT '',
  PRIMARY KEY (`ID_`),
  KEY `ACT_IDX_HI_ACT_INST_START` (`START_TIME_`),
  KEY `ACT_IDX_HI_ACT_INST_END` (`END_TIME_`),
  KEY `ACT_IDX_HI_ACT_INST_PROCINST` (`PROC_INST_ID_`,`ACT_ID_`),
  KEY `ACT_IDX_HI_ACT_INST_EXEC` (`EXECUTION_ID_`,`ACT_ID_`)
) ENGINE=InnoDB DEFAULT CHARSET=utf8 COLLATE=utf8_bin;

-- ----------------------------
-- Records of act_hi_actinst
-- ----------------------------
INSERT INTO `act_hi_actinst` VALUES ('15002', 'xbhssq-ys:1:5004', '15001', '15001', 'startevent1', null, null, 'Start', 'startEvent', null, '2015-05-28 15:58:32.843', '2015-05-28 15:58:32.865', '22', '');
INSERT INTO `act_hi_actinst` VALUES ('15005', 'xbhssq-ys:1:5004', '15001', '15001', 'wf-xbhssq-ys_start', '15006', null, '', 'userTask', null, '2015-05-28 15:58:32.866', '2015-06-02 22:26:07.081', '455254215', '');
INSERT INTO `act_hi_actinst` VALUES ('22502', 'xbhssq-ys:1:5004', '15001', '15001', 'wf-xbhssq-ys_end', '22503', null, '', 'userTask', null, '2015-06-02 22:26:07.081', '2015-06-03 08:47:24.559', '37277478', '');
INSERT INTO `act_hi_actinst` VALUES ('25002', 'xbhssq-ys:1:5004', '15001', '15001', 'endevent1', null, null, 'End', 'endEvent', null, '2015-06-03 08:47:24.559', '2015-06-03 08:47:24.559', '0', '');
INSERT INTO `act_hi_actinst` VALUES ('30002', 'xbhssq-ys:1:5004', '30001', '30001', 'startevent1', null, null, 'Start', 'startEvent', null, '2015-06-04 09:16:37.713', '2015-06-04 09:16:37.743', '30', '');
INSERT INTO `act_hi_actinst` VALUES ('30005', 'xbhssq-ys:1:5004', '30001', '30001', 'wf-xbhssq-ys_start', '30006', null, '', 'userTask', null, '2015-06-04 09:16:37.743', null, null, '');

-- ----------------------------
-- Table structure for `act_hi_attachment`
-- ----------------------------
DROP TABLE IF EXISTS `act_hi_attachment`;
CREATE TABLE `act_hi_attachment` (
  `ID_` varchar(64) COLLATE utf8_bin NOT NULL,
  `REV_` int(11) DEFAULT NULL,
  `USER_ID_` varchar(255) COLLATE utf8_bin DEFAULT NULL,
  `NAME_` varchar(255) COLLATE utf8_bin DEFAULT NULL,
  `DESCRIPTION_` varchar(4000) COLLATE utf8_bin DEFAULT NULL,
  `TYPE_` varchar(255) COLLATE utf8_bin DEFAULT NULL,
  `TASK_ID_` varchar(64) COLLATE utf8_bin DEFAULT NULL,
  `PROC_INST_ID_` varchar(64) COLLATE utf8_bin DEFAULT NULL,
  `URL_` varchar(4000) COLLATE utf8_bin DEFAULT NULL,
  `CONTENT_ID_` varchar(64) COLLATE utf8_bin DEFAULT NULL,
  PRIMARY KEY (`ID_`)
) ENGINE=InnoDB DEFAULT CHARSET=utf8 COLLATE=utf8_bin;

-- ----------------------------
-- Records of act_hi_attachment
-- ----------------------------

-- ----------------------------
-- Table structure for `act_hi_comment`
-- ----------------------------
DROP TABLE IF EXISTS `act_hi_comment`;
CREATE TABLE `act_hi_comment` (
  `ID_` varchar(64) COLLATE utf8_bin NOT NULL,
  `TYPE_` varchar(255) COLLATE utf8_bin DEFAULT NULL,
  `TIME_` datetime(3) NOT NULL,
  `USER_ID_` varchar(255) COLLATE utf8_bin DEFAULT NULL,
  `TASK_ID_` varchar(64) COLLATE utf8_bin DEFAULT NULL,
  `PROC_INST_ID_` varchar(64) COLLATE utf8_bin DEFAULT NULL,
  `ACTION_` varchar(255) COLLATE utf8_bin DEFAULT NULL,
  `MESSAGE_` varchar(4000) COLLATE utf8_bin DEFAULT NULL,
  `FULL_MSG_` longblob,
  PRIMARY KEY (`ID_`)
) ENGINE=InnoDB DEFAULT CHARSET=utf8 COLLATE=utf8_bin;

-- ----------------------------
-- Records of act_hi_comment
-- ----------------------------

-- ----------------------------
-- Table structure for `act_hi_detail`
-- ----------------------------
DROP TABLE IF EXISTS `act_hi_detail`;
CREATE TABLE `act_hi_detail` (
  `ID_` varchar(64) COLLATE utf8_bin NOT NULL,
  `TYPE_` varchar(255) COLLATE utf8_bin NOT NULL,
  `PROC_INST_ID_` varchar(64) COLLATE utf8_bin DEFAULT NULL,
  `EXECUTION_ID_` varchar(64) COLLATE utf8_bin DEFAULT NULL,
  `TASK_ID_` varchar(64) COLLATE utf8_bin DEFAULT NULL,
  `ACT_INST_ID_` varchar(64) COLLATE utf8_bin DEFAULT NULL,
  `NAME_` varchar(255) COLLATE utf8_bin NOT NULL,
  `VAR_TYPE_` varchar(255) COLLATE utf8_bin DEFAULT NULL,
  `REV_` int(11) DEFAULT NULL,
  `TIME_` datetime(3) NOT NULL,
  `BYTEARRAY_ID_` varchar(64) COLLATE utf8_bin DEFAULT NULL,
  `DOUBLE_` double DEFAULT NULL,
  `LONG_` bigint(20) DEFAULT NULL,
  `TEXT_` varchar(4000) COLLATE utf8_bin DEFAULT NULL,
  `TEXT2_` varchar(4000) COLLATE utf8_bin DEFAULT NULL,
  PRIMARY KEY (`ID_`),
  KEY `ACT_IDX_HI_DETAIL_PROC_INST` (`PROC_INST_ID_`),
  KEY `ACT_IDX_HI_DETAIL_ACT_INST` (`ACT_INST_ID_`),
  KEY `ACT_IDX_HI_DETAIL_TIME` (`TIME_`),
  KEY `ACT_IDX_HI_DETAIL_NAME` (`NAME_`),
  KEY `ACT_IDX_HI_DETAIL_TASK_ID` (`TASK_ID_`)
) ENGINE=InnoDB DEFAULT CHARSET=utf8 COLLATE=utf8_bin;

-- ----------------------------
-- Records of act_hi_detail
-- ----------------------------
INSERT INTO `act_hi_detail` VALUES ('15004', 'VariableUpdate', '15001', '15001', null, '15002', 'assignee', 'string', '0', '2015-05-28 15:58:32.843', null, null, null, 'supadmin', null);
INSERT INTO `act_hi_detail` VALUES ('22501', 'VariableUpdate', '15001', '15001', null, '15005', 'assignee', 'string', '1', '2015-06-02 22:26:06.770', null, null, null, '3', null);
INSERT INTO `act_hi_detail` VALUES ('25001', 'VariableUpdate', '15001', '15001', null, '22502', 'assignee', 'string', '1', '2015-06-03 08:47:23.966', null, null, null, '3', null);
INSERT INTO `act_hi_detail` VALUES ('30004', 'VariableUpdate', '30001', '30001', null, '30002', 'assignee', 'string', '0', '2015-06-04 09:16:37.713', null, null, null, '3', null);

-- ----------------------------
-- Table structure for `act_hi_identitylink`
-- ----------------------------
DROP TABLE IF EXISTS `act_hi_identitylink`;
CREATE TABLE `act_hi_identitylink` (
  `ID_` varchar(64) COLLATE utf8_bin NOT NULL DEFAULT '',
  `GROUP_ID_` varchar(255) COLLATE utf8_bin DEFAULT NULL,
  `TYPE_` varchar(255) COLLATE utf8_bin DEFAULT NULL,
  `USER_ID_` varchar(255) COLLATE utf8_bin DEFAULT NULL,
  `TASK_ID_` varchar(64) COLLATE utf8_bin DEFAULT NULL,
  `PROC_INST_ID_` varchar(64) COLLATE utf8_bin DEFAULT NULL,
  PRIMARY KEY (`ID_`),
  KEY `ACT_IDX_HI_IDENT_LNK_USER` (`USER_ID_`),
  KEY `ACT_IDX_HI_IDENT_LNK_TASK` (`TASK_ID_`),
  KEY `ACT_IDX_HI_IDENT_LNK_PROCINST` (`PROC_INST_ID_`)
) ENGINE=InnoDB DEFAULT CHARSET=utf8 COLLATE=utf8_bin;

-- ----------------------------
-- Records of act_hi_identitylink
-- ----------------------------
INSERT INTO `act_hi_identitylink` VALUES ('15007', null, 'candidate', 'supadmin', '15006', null);
INSERT INTO `act_hi_identitylink` VALUES ('15008', null, 'participant', 'supadmin', null, '15001');
INSERT INTO `act_hi_identitylink` VALUES ('22504', null, 'candidate', '3', '22503', null);
INSERT INTO `act_hi_identitylink` VALUES ('30007', null, 'candidate', '3', '30006', null);
INSERT INTO `act_hi_identitylink` VALUES ('30008', null, 'participant', '3', null, '30001');

-- ----------------------------
-- Table structure for `act_hi_procinst`
-- ----------------------------
DROP TABLE IF EXISTS `act_hi_procinst`;
CREATE TABLE `act_hi_procinst` (
  `ID_` varchar(64) COLLATE utf8_bin NOT NULL,
  `PROC_INST_ID_` varchar(64) COLLATE utf8_bin NOT NULL,
  `BUSINESS_KEY_` varchar(255) COLLATE utf8_bin DEFAULT NULL,
  `PROC_DEF_ID_` varchar(64) COLLATE utf8_bin NOT NULL,
  `START_TIME_` datetime(3) NOT NULL,
  `END_TIME_` datetime(3) DEFAULT NULL,
  `DURATION_` bigint(20) DEFAULT NULL,
  `START_USER_ID_` varchar(255) COLLATE utf8_bin DEFAULT NULL,
  `START_ACT_ID_` varchar(255) COLLATE utf8_bin DEFAULT NULL,
  `END_ACT_ID_` varchar(255) COLLATE utf8_bin DEFAULT NULL,
  `SUPER_PROCESS_INSTANCE_ID_` varchar(64) COLLATE utf8_bin DEFAULT NULL,
  `DELETE_REASON_` varchar(4000) COLLATE utf8_bin DEFAULT NULL,
  `TENANT_ID_` varchar(255) COLLATE utf8_bin DEFAULT '',
  `NAME_` varchar(255) COLLATE utf8_bin DEFAULT NULL,
  PRIMARY KEY (`ID_`),
  UNIQUE KEY `PROC_INST_ID_` (`PROC_INST_ID_`),
  KEY `ACT_IDX_HI_PRO_INST_END` (`END_TIME_`),
  KEY `ACT_IDX_HI_PRO_I_BUSKEY` (`BUSINESS_KEY_`)
) ENGINE=InnoDB DEFAULT CHARSET=utf8 COLLATE=utf8_bin;

-- ----------------------------
-- Records of act_hi_procinst
-- ----------------------------
INSERT INTO `act_hi_procinst` VALUES ('15001', '15001', '6', 'xbhssq-ys:1:5004', '2015-05-28 15:58:32.842', '2015-06-03 08:47:24.715', '492531873', null, 'startevent1', 'endevent1', null, null, '', null);
INSERT INTO `act_hi_procinst` VALUES ('30001', '30001', 'BC242EC396122D075157E4C18DCE4763', 'xbhssq-ys:1:5004', '2015-06-04 09:16:37.713', null, null, null, 'startevent1', null, null, null, '', null);

-- ----------------------------
-- Table structure for `act_hi_taskinst`
-- ----------------------------
DROP TABLE IF EXISTS `act_hi_taskinst`;
CREATE TABLE `act_hi_taskinst` (
  `ID_` varchar(64) COLLATE utf8_bin NOT NULL,
  `PROC_DEF_ID_` varchar(64) COLLATE utf8_bin DEFAULT NULL,
  `TASK_DEF_KEY_` varchar(255) COLLATE utf8_bin DEFAULT NULL,
  `PROC_INST_ID_` varchar(64) COLLATE utf8_bin DEFAULT NULL,
  `EXECUTION_ID_` varchar(64) COLLATE utf8_bin DEFAULT NULL,
  `NAME_` varchar(255) COLLATE utf8_bin DEFAULT NULL,
  `PARENT_TASK_ID_` varchar(64) COLLATE utf8_bin DEFAULT NULL,
  `DESCRIPTION_` varchar(4000) COLLATE utf8_bin DEFAULT NULL,
  `OWNER_` varchar(255) COLLATE utf8_bin DEFAULT NULL,
  `ASSIGNEE_` varchar(255) COLLATE utf8_bin DEFAULT NULL,
  `START_TIME_` datetime(3) NOT NULL,
  `CLAIM_TIME_` datetime(3) DEFAULT NULL,
  `END_TIME_` datetime(3) DEFAULT NULL,
  `DURATION_` bigint(20) DEFAULT NULL,
  `DELETE_REASON_` varchar(4000) COLLATE utf8_bin DEFAULT NULL,
  `PRIORITY_` int(11) DEFAULT NULL,
  `DUE_DATE_` datetime(3) DEFAULT NULL,
  `FORM_KEY_` varchar(255) COLLATE utf8_bin DEFAULT NULL,
  `CATEGORY_` varchar(255) COLLATE utf8_bin DEFAULT NULL,
  `TENANT_ID_` varchar(255) COLLATE utf8_bin DEFAULT '',
  PRIMARY KEY (`ID_`)
) ENGINE=InnoDB DEFAULT CHARSET=utf8 COLLATE=utf8_bin;

-- ----------------------------
-- Records of act_hi_taskinst
-- ----------------------------
INSERT INTO `act_hi_taskinst` VALUES ('15006', 'xbhssq-ys:1:5004', 'wf-xbhssq-ys_start', '15001', '15001', '', null, null, null, null, '2015-05-28 15:58:32.866', null, '2015-06-02 22:26:07.060', '455254194', 'completed', '50', null, null, null, '');
INSERT INTO `act_hi_taskinst` VALUES ('22503', 'xbhssq-ys:1:5004', 'wf-xbhssq-ys_end', '15001', '15001', '', null, '/tsm/ybsx/fpsx/fpsxgl/fpsxgl.do?sxsqsp', null, null, '2015-06-02 22:26:07.081', null, '2015-06-03 08:47:24.527', '37277446', 'completed', '50', null, null, null, '');
INSERT INTO `act_hi_taskinst` VALUES ('30006', 'xbhssq-ys:1:5004', 'wf-xbhssq-ys_start', '30001', '30001', '', null, null, null, null, '2015-06-04 09:16:37.743', null, null, null, null, '50', null, null, null, '');

-- ----------------------------
-- Table structure for `act_hi_varinst`
-- ----------------------------
DROP TABLE IF EXISTS `act_hi_varinst`;
CREATE TABLE `act_hi_varinst` (
  `ID_` varchar(64) COLLATE utf8_bin NOT NULL,
  `PROC_INST_ID_` varchar(64) COLLATE utf8_bin DEFAULT NULL,
  `EXECUTION_ID_` varchar(64) COLLATE utf8_bin DEFAULT NULL,
  `TASK_ID_` varchar(64) COLLATE utf8_bin DEFAULT NULL,
  `NAME_` varchar(255) COLLATE utf8_bin NOT NULL,
  `VAR_TYPE_` varchar(100) COLLATE utf8_bin DEFAULT NULL,
  `REV_` int(11) DEFAULT NULL,
  `BYTEARRAY_ID_` varchar(64) COLLATE utf8_bin DEFAULT NULL,
  `DOUBLE_` double DEFAULT NULL,
  `LONG_` bigint(20) DEFAULT NULL,
  `TEXT_` varchar(4000) COLLATE utf8_bin DEFAULT NULL,
  `TEXT2_` varchar(4000) COLLATE utf8_bin DEFAULT NULL,
  `CREATE_TIME_` datetime(3) DEFAULT NULL,
  `LAST_UPDATED_TIME_` datetime(3) DEFAULT NULL,
  PRIMARY KEY (`ID_`),
  KEY `ACT_IDX_HI_PROCVAR_PROC_INST` (`PROC_INST_ID_`),
  KEY `ACT_IDX_HI_PROCVAR_NAME_TYPE` (`NAME_`,`VAR_TYPE_`)
) ENGINE=InnoDB DEFAULT CHARSET=utf8 COLLATE=utf8_bin;

-- ----------------------------
-- Records of act_hi_varinst
-- ----------------------------
INSERT INTO `act_hi_varinst` VALUES ('15003', '15001', '15001', null, 'assignee', 'string', '2', null, null, null, '3', null, '2015-05-28 15:58:32.843', '2015-06-03 08:47:24.715');
INSERT INTO `act_hi_varinst` VALUES ('30003', '30001', '30001', null, 'assignee', 'string', '0', null, null, null, '3', null, '2015-06-04 09:16:37.713', '2015-06-04 09:16:37.713');

-- ----------------------------
-- Table structure for `act_id_group`
-- ----------------------------
DROP TABLE IF EXISTS `act_id_group`;
CREATE TABLE `act_id_group` (
  `ID_` varchar(64) COLLATE utf8_bin NOT NULL DEFAULT '',
  `REV_` int(11) DEFAULT NULL,
  `NAME_` varchar(255) COLLATE utf8_bin DEFAULT NULL,
  `TYPE_` varchar(255) COLLATE utf8_bin DEFAULT NULL,
  PRIMARY KEY (`ID_`)
) ENGINE=InnoDB DEFAULT CHARSET=utf8 COLLATE=utf8_bin;

-- ----------------------------
-- Records of act_id_group
-- ----------------------------

-- ----------------------------
-- Table structure for `act_id_info`
-- ----------------------------
DROP TABLE IF EXISTS `act_id_info`;
CREATE TABLE `act_id_info` (
  `ID_` varchar(64) COLLATE utf8_bin NOT NULL DEFAULT '',
  `REV_` int(11) DEFAULT NULL,
  `USER_ID_` varchar(64) COLLATE utf8_bin DEFAULT NULL,
  `TYPE_` varchar(64) COLLATE utf8_bin DEFAULT NULL,
  `KEY_` varchar(255) COLLATE utf8_bin DEFAULT NULL,
  `VALUE_` varchar(255) COLLATE utf8_bin DEFAULT NULL,
  `PASSWORD_` longblob,
  `PARENT_ID_` varchar(255) COLLATE utf8_bin DEFAULT NULL,
  PRIMARY KEY (`ID_`)
) ENGINE=InnoDB DEFAULT CHARSET=utf8 COLLATE=utf8_bin;

-- ----------------------------
-- Records of act_id_info
-- ----------------------------

-- ----------------------------
-- Table structure for `act_id_membership`
-- ----------------------------
DROP TABLE IF EXISTS `act_id_membership`;
CREATE TABLE `act_id_membership` (
  `USER_ID_` varchar(64) COLLATE utf8_bin NOT NULL DEFAULT '',
  `GROUP_ID_` varchar(64) COLLATE utf8_bin NOT NULL DEFAULT '',
  PRIMARY KEY (`USER_ID_`,`GROUP_ID_`),
  KEY `ACT_FK_MEMB_GROUP` (`GROUP_ID_`),
  CONSTRAINT `ACT_FK_MEMB_GROUP` FOREIGN KEY (`GROUP_ID_`) REFERENCES `act_id_group` (`ID_`),
  CONSTRAINT `ACT_FK_MEMB_USER` FOREIGN KEY (`USER_ID_`) REFERENCES `act_id_user` (`ID_`)
) ENGINE=InnoDB DEFAULT CHARSET=utf8 COLLATE=utf8_bin;

-- ----------------------------
-- Records of act_id_membership
-- ----------------------------

-- ----------------------------
-- Table structure for `act_id_user`
-- ----------------------------
DROP TABLE IF EXISTS `act_id_user`;
CREATE TABLE `act_id_user` (
  `ID_` varchar(64) COLLATE utf8_bin NOT NULL DEFAULT '',
  `REV_` int(11) DEFAULT NULL,
  `FIRST_` varchar(255) COLLATE utf8_bin DEFAULT NULL,
  `LAST_` varchar(255) COLLATE utf8_bin DEFAULT NULL,
  `EMAIL_` varchar(255) COLLATE utf8_bin DEFAULT NULL,
  `PWD_` varchar(255) COLLATE utf8_bin DEFAULT NULL,
  `PICTURE_ID_` varchar(64) COLLATE utf8_bin DEFAULT NULL,
  PRIMARY KEY (`ID_`)
) ENGINE=InnoDB DEFAULT CHARSET=utf8 COLLATE=utf8_bin;

-- ----------------------------
-- Records of act_id_user
-- ----------------------------

-- ----------------------------
-- Table structure for `act_re_deployment`
-- ----------------------------
DROP TABLE IF EXISTS `act_re_deployment`;
CREATE TABLE `act_re_deployment` (
  `ID_` varchar(64) COLLATE utf8_bin NOT NULL DEFAULT '',
  `NAME_` varchar(255) COLLATE utf8_bin DEFAULT NULL,
  `CATEGORY_` varchar(255) COLLATE utf8_bin DEFAULT NULL,
  `TENANT_ID_` varchar(255) COLLATE utf8_bin DEFAULT '',
  `DEPLOY_TIME_` timestamp(3) NOT NULL DEFAULT CURRENT_TIMESTAMP(3) ON UPDATE CURRENT_TIMESTAMP(3),
  PRIMARY KEY (`ID_`)
) ENGINE=InnoDB DEFAULT CHARSET=utf8 COLLATE=utf8_bin;

-- ----------------------------
-- Records of act_re_deployment
-- ----------------------------
INSERT INTO `act_re_deployment` VALUES ('1', 'XBHS-ES.bar', null, '', '2015-05-26 20:02:04.182');
INSERT INTO `act_re_deployment` VALUES ('2501', 'XBHS-SS.bar', null, '', '2015-05-26 20:42:18.896');
INSERT INTO `act_re_deployment` VALUES ('5001', 'XBHS-YS.bar', null, '', '2015-05-26 21:07:48.190');
INSERT INTO `act_re_deployment` VALUES ('5005', 'XBHS-ES.bar', null, '', '2015-05-26 21:26:40.417');

-- ----------------------------
-- Table structure for `act_re_model`
-- ----------------------------
DROP TABLE IF EXISTS `act_re_model`;
CREATE TABLE `act_re_model` (
  `ID_` varchar(64) COLLATE utf8_bin NOT NULL,
  `REV_` int(11) DEFAULT NULL,
  `NAME_` varchar(255) COLLATE utf8_bin DEFAULT NULL,
  `KEY_` varchar(255) COLLATE utf8_bin DEFAULT NULL,
  `CATEGORY_` varchar(255) COLLATE utf8_bin DEFAULT NULL,
  `CREATE_TIME_` timestamp(3) NULL DEFAULT NULL,
  `LAST_UPDATE_TIME_` timestamp(3) NULL DEFAULT NULL,
  `VERSION_` int(11) DEFAULT NULL,
  `META_INFO_` varchar(4000) COLLATE utf8_bin DEFAULT NULL,
  `DEPLOYMENT_ID_` varchar(64) COLLATE utf8_bin DEFAULT NULL,
  `EDITOR_SOURCE_VALUE_ID_` varchar(64) COLLATE utf8_bin DEFAULT NULL,
  `EDITOR_SOURCE_EXTRA_VALUE_ID_` varchar(64) COLLATE utf8_bin DEFAULT NULL,
  `TENANT_ID_` varchar(255) COLLATE utf8_bin DEFAULT '',
  PRIMARY KEY (`ID_`),
  KEY `ACT_FK_MODEL_SOURCE` (`EDITOR_SOURCE_VALUE_ID_`),
  KEY `ACT_FK_MODEL_SOURCE_EXTRA` (`EDITOR_SOURCE_EXTRA_VALUE_ID_`),
  KEY `ACT_FK_MODEL_DEPLOYMENT` (`DEPLOYMENT_ID_`),
  CONSTRAINT `ACT_FK_MODEL_DEPLOYMENT` FOREIGN KEY (`DEPLOYMENT_ID_`) REFERENCES `act_re_deployment` (`ID_`),
  CONSTRAINT `ACT_FK_MODEL_SOURCE` FOREIGN KEY (`EDITOR_SOURCE_VALUE_ID_`) REFERENCES `act_ge_bytearray` (`ID_`),
  CONSTRAINT `ACT_FK_MODEL_SOURCE_EXTRA` FOREIGN KEY (`EDITOR_SOURCE_EXTRA_VALUE_ID_`) REFERENCES `act_ge_bytearray` (`ID_`)
) ENGINE=InnoDB DEFAULT CHARSET=utf8 COLLATE=utf8_bin;

-- ----------------------------
-- Records of act_re_model
-- ----------------------------

-- ----------------------------
-- Table structure for `act_re_procdef`
-- ----------------------------
DROP TABLE IF EXISTS `act_re_procdef`;
CREATE TABLE `act_re_procdef` (
  `ID_` varchar(64) COLLATE utf8_bin NOT NULL,
  `REV_` int(11) DEFAULT NULL,
  `CATEGORY_` varchar(255) COLLATE utf8_bin DEFAULT NULL,
  `NAME_` varchar(255) COLLATE utf8_bin DEFAULT NULL,
  `KEY_` varchar(255) COLLATE utf8_bin NOT NULL,
  `VERSION_` int(11) NOT NULL,
  `DEPLOYMENT_ID_` varchar(64) COLLATE utf8_bin DEFAULT NULL,
  `RESOURCE_NAME_` varchar(4000) COLLATE utf8_bin DEFAULT NULL,
  `DGRM_RESOURCE_NAME_` varchar(4000) COLLATE utf8_bin DEFAULT NULL,
  `DESCRIPTION_` varchar(4000) COLLATE utf8_bin DEFAULT NULL,
  `HAS_START_FORM_KEY_` tinyint(4) DEFAULT NULL,
  `SUSPENSION_STATE_` int(11) DEFAULT NULL,
  `TENANT_ID_` varchar(255) COLLATE utf8_bin DEFAULT '',
  PRIMARY KEY (`ID_`),
  UNIQUE KEY `ACT_UNIQ_PROCDEF` (`KEY_`,`VERSION_`,`TENANT_ID_`)
) ENGINE=InnoDB DEFAULT CHARSET=utf8 COLLATE=utf8_bin;

-- ----------------------------
-- Records of act_re_procdef
-- ----------------------------
INSERT INTO `act_re_procdef` VALUES ('xbhssq-es:1:4', '1', 'http://www.activiti.org/test', '()', 'xbhssq-es', '1', '1', 'XBHS-ES.bpmn20.xml', 'XBHS-ES.png', null, '0', '1', '');
INSERT INTO `act_re_procdef` VALUES ('xbhssq-es:2:5008', '1', 'http://www.activiti.org/test', '()', 'xbhssq-es', '2', '5005', 'XBHS-ES.bpmn20.xml', 'XBHS-ES.png', null, '0', '1', '');
INSERT INTO `act_re_procdef` VALUES ('xbhssq-ss:1:2504', '1', 'http://www.activiti.org/test', '()', 'xbhssq-ss', '1', '2501', 'XBHS-SS.bpmn20.xml', 'XBHS-SS.png', null, '0', '1', '');
INSERT INTO `act_re_procdef` VALUES ('xbhssq-ys:1:5004', '1', 'http://www.activiti.org/test', '()', 'xbhssq-ys', '1', '5001', 'XBHS-YS.bpmn20.xml', 'XBHS-YS.png', null, '0', '1', '');

-- ----------------------------
-- Table structure for `act_ru_event_subscr`
-- ----------------------------
DROP TABLE IF EXISTS `act_ru_event_subscr`;
CREATE TABLE `act_ru_event_subscr` (
  `ID_` varchar(64) COLLATE utf8_bin NOT NULL,
  `REV_` int(11) DEFAULT NULL,
  `EVENT_TYPE_` varchar(255) COLLATE utf8_bin NOT NULL,
  `EVENT_NAME_` varchar(255) COLLATE utf8_bin DEFAULT NULL,
  `EXECUTION_ID_` varchar(64) COLLATE utf8_bin DEFAULT NULL,
  `PROC_INST_ID_` varchar(64) COLLATE utf8_bin DEFAULT NULL,
  `ACTIVITY_ID_` varchar(64) COLLATE utf8_bin DEFAULT NULL,
  `CONFIGURATION_` varchar(255) COLLATE utf8_bin DEFAULT NULL,
  `CREATED_` timestamp(3) NOT NULL DEFAULT CURRENT_TIMESTAMP(3),
  `PROC_DEF_ID_` varchar(64) COLLATE utf8_bin DEFAULT NULL,
  `TENANT_ID_` varchar(255) COLLATE utf8_bin DEFAULT '',
  PRIMARY KEY (`ID_`),
  KEY `ACT_IDX_EVENT_SUBSCR_CONFIG_` (`CONFIGURATION_`),
  KEY `ACT_FK_EVENT_EXEC` (`EXECUTION_ID_`),
  CONSTRAINT `ACT_FK_EVENT_EXEC` FOREIGN KEY (`EXECUTION_ID_`) REFERENCES `act_ru_execution` (`ID_`)
) ENGINE=InnoDB DEFAULT CHARSET=utf8 COLLATE=utf8_bin;

-- ----------------------------
-- Records of act_ru_event_subscr
-- ----------------------------

-- ----------------------------
-- Table structure for `act_ru_execution`
-- ----------------------------
DROP TABLE IF EXISTS `act_ru_execution`;
CREATE TABLE `act_ru_execution` (
  `ID_` varchar(64) COLLATE utf8_bin NOT NULL DEFAULT '',
  `REV_` int(11) DEFAULT NULL,
  `PROC_INST_ID_` varchar(64) COLLATE utf8_bin DEFAULT NULL,
  `BUSINESS_KEY_` varchar(255) COLLATE utf8_bin DEFAULT NULL,
  `PARENT_ID_` varchar(64) COLLATE utf8_bin DEFAULT NULL,
  `PROC_DEF_ID_` varchar(64) COLLATE utf8_bin DEFAULT NULL,
  `SUPER_EXEC_` varchar(64) COLLATE utf8_bin DEFAULT NULL,
  `ACT_ID_` varchar(255) COLLATE utf8_bin DEFAULT NULL,
  `IS_ACTIVE_` tinyint(4) DEFAULT NULL,
  `IS_CONCURRENT_` tinyint(4) DEFAULT NULL,
  `IS_SCOPE_` tinyint(4) DEFAULT NULL,
  `IS_EVENT_SCOPE_` tinyint(4) DEFAULT NULL,
  `SUSPENSION_STATE_` int(11) DEFAULT NULL,
  `CACHED_ENT_STATE_` int(11) DEFAULT NULL,
  `TENANT_ID_` varchar(255) COLLATE utf8_bin DEFAULT '',
  `NAME_` varchar(255) COLLATE utf8_bin DEFAULT NULL,
  PRIMARY KEY (`ID_`),
  KEY `ACT_IDX_EXEC_BUSKEY` (`BUSINESS_KEY_`),
  KEY `ACT_FK_EXE_PROCINST` (`PROC_INST_ID_`),
  KEY `ACT_FK_EXE_PARENT` (`PARENT_ID_`),
  KEY `ACT_FK_EXE_SUPER` (`SUPER_EXEC_`),
  KEY `ACT_FK_EXE_PROCDEF` (`PROC_DEF_ID_`),
  CONSTRAINT `ACT_FK_EXE_PARENT` FOREIGN KEY (`PARENT_ID_`) REFERENCES `act_ru_execution` (`ID_`),
  CONSTRAINT `ACT_FK_EXE_PROCDEF` FOREIGN KEY (`PROC_DEF_ID_`) REFERENCES `act_re_procdef` (`ID_`),
  CONSTRAINT `ACT_FK_EXE_PROCINST` FOREIGN KEY (`PROC_INST_ID_`) REFERENCES `act_ru_execution` (`ID_`) ON DELETE CASCADE ON UPDATE CASCADE,
  CONSTRAINT `ACT_FK_EXE_SUPER` FOREIGN KEY (`SUPER_EXEC_`) REFERENCES `act_ru_execution` (`ID_`)
) ENGINE=InnoDB DEFAULT CHARSET=utf8 COLLATE=utf8_bin;

-- ----------------------------
-- Records of act_ru_execution
-- ----------------------------
INSERT INTO `act_ru_execution` VALUES ('30001', '1', '30001', 'BC242EC396122D075157E4C18DCE4763', null, 'xbhssq-ys:1:5004', null, 'wf-xbhssq-ys_start', '1', '0', '1', '0', '1', '2', '', null);

-- ----------------------------
-- Table structure for `act_ru_identitylink`
-- ----------------------------
DROP TABLE IF EXISTS `act_ru_identitylink`;
CREATE TABLE `act_ru_identitylink` (
  `ID_` varchar(64) COLLATE utf8_bin NOT NULL DEFAULT '',
  `REV_` int(11) DEFAULT NULL,
  `GROUP_ID_` varchar(255) COLLATE utf8_bin DEFAULT NULL,
  `TYPE_` varchar(255) COLLATE utf8_bin DEFAULT NULL,
  `USER_ID_` varchar(255) COLLATE utf8_bin DEFAULT NULL,
  `TASK_ID_` varchar(64) COLLATE utf8_bin DEFAULT NULL,
  `PROC_INST_ID_` varchar(64) COLLATE utf8_bin DEFAULT NULL,
  `PROC_DEF_ID_` varchar(64) COLLATE utf8_bin DEFAULT NULL,
  PRIMARY KEY (`ID_`),
  KEY `ACT_IDX_IDENT_LNK_USER` (`USER_ID_`),
  KEY `ACT_IDX_IDENT_LNK_GROUP` (`GROUP_ID_`),
  KEY `ACT_IDX_ATHRZ_PROCEDEF` (`PROC_DEF_ID_`),
  KEY `ACT_FK_TSKASS_TASK` (`TASK_ID_`),
  KEY `ACT_FK_IDL_PROCINST` (`PROC_INST_ID_`),
  CONSTRAINT `ACT_FK_ATHRZ_PROCEDEF` FOREIGN KEY (`PROC_DEF_ID_`) REFERENCES `act_re_procdef` (`ID_`),
  CONSTRAINT `ACT_FK_IDL_PROCINST` FOREIGN KEY (`PROC_INST_ID_`) REFERENCES `act_ru_execution` (`ID_`),
  CONSTRAINT `ACT_FK_TSKASS_TASK` FOREIGN KEY (`TASK_ID_`) REFERENCES `act_ru_task` (`ID_`)
) ENGINE=InnoDB DEFAULT CHARSET=utf8 COLLATE=utf8_bin;

-- ----------------------------
-- Records of act_ru_identitylink
-- ----------------------------
INSERT INTO `act_ru_identitylink` VALUES ('30007', '1', null, 'candidate', '3', '30006', null, null);
INSERT INTO `act_ru_identitylink` VALUES ('30008', '1', null, 'participant', '3', null, '30001', null);

-- ----------------------------
-- Table structure for `act_ru_job`
-- ----------------------------
DROP TABLE IF EXISTS `act_ru_job`;
CREATE TABLE `act_ru_job` (
  `ID_` varchar(64) COLLATE utf8_bin NOT NULL,
  `REV_` int(11) DEFAULT NULL,
  `TYPE_` varchar(255) COLLATE utf8_bin NOT NULL,
  `LOCK_EXP_TIME_` timestamp(3) NULL DEFAULT NULL,
  `LOCK_OWNER_` varchar(255) COLLATE utf8_bin DEFAULT NULL,
  `EXCLUSIVE_` tinyint(1) DEFAULT NULL,
  `EXECUTION_ID_` varchar(64) COLLATE utf8_bin DEFAULT NULL,
  `PROCESS_INSTANCE_ID_` varchar(64) COLLATE utf8_bin DEFAULT NULL,
  `PROC_DEF_ID_` varchar(64) COLLATE utf8_bin DEFAULT NULL,
  `RETRIES_` int(11) DEFAULT NULL,
  `EXCEPTION_STACK_ID_` varchar(64) COLLATE utf8_bin DEFAULT NULL,
  `EXCEPTION_MSG_` varchar(4000) COLLATE utf8_bin DEFAULT NULL,
  `DUEDATE_` timestamp(3) NULL DEFAULT NULL,
  `REPEAT_` varchar(255) COLLATE utf8_bin DEFAULT NULL,
  `HANDLER_TYPE_` varchar(255) COLLATE utf8_bin DEFAULT NULL,
  `HANDLER_CFG_` varchar(4000) COLLATE utf8_bin DEFAULT NULL,
  `TENANT_ID_` varchar(255) COLLATE utf8_bin DEFAULT '',
  PRIMARY KEY (`ID_`),
  KEY `ACT_FK_JOB_EXCEPTION` (`EXCEPTION_STACK_ID_`),
  CONSTRAINT `ACT_FK_JOB_EXCEPTION` FOREIGN KEY (`EXCEPTION_STACK_ID_`) REFERENCES `act_ge_bytearray` (`ID_`)
) ENGINE=InnoDB DEFAULT CHARSET=utf8 COLLATE=utf8_bin;

-- ----------------------------
-- Records of act_ru_job
-- ----------------------------

-- ----------------------------
-- Table structure for `act_ru_task`
-- ----------------------------
DROP TABLE IF EXISTS `act_ru_task`;
CREATE TABLE `act_ru_task` (
  `ID_` varchar(64) COLLATE utf8_bin NOT NULL DEFAULT '',
  `REV_` int(11) DEFAULT NULL,
  `EXECUTION_ID_` varchar(64) COLLATE utf8_bin DEFAULT NULL,
  `PROC_INST_ID_` varchar(64) COLLATE utf8_bin DEFAULT NULL,
  `PROC_DEF_ID_` varchar(64) COLLATE utf8_bin DEFAULT NULL,
  `NAME_` varchar(255) COLLATE utf8_bin DEFAULT NULL,
  `PARENT_TASK_ID_` varchar(64) COLLATE utf8_bin DEFAULT NULL,
  `DESCRIPTION_` varchar(4000) COLLATE utf8_bin DEFAULT NULL,
  `TASK_DEF_KEY_` varchar(255) COLLATE utf8_bin DEFAULT NULL,
  `OWNER_` varchar(255) COLLATE utf8_bin DEFAULT NULL,
  `ASSIGNEE_` varchar(255) COLLATE utf8_bin DEFAULT NULL,
  `DELEGATION_` varchar(64) COLLATE utf8_bin DEFAULT NULL,
  `PRIORITY_` int(11) DEFAULT NULL,
  `CREATE_TIME_` timestamp(3) NOT NULL DEFAULT CURRENT_TIMESTAMP(3) ON UPDATE CURRENT_TIMESTAMP(3),
  `DUE_DATE_` datetime(3) DEFAULT NULL,
  `CATEGORY_` varchar(255) COLLATE utf8_bin DEFAULT NULL,
  `SUSPENSION_STATE_` int(11) DEFAULT NULL,
  `TENANT_ID_` varchar(255) COLLATE utf8_bin DEFAULT '',
  `FORM_KEY_` varchar(255) COLLATE utf8_bin DEFAULT NULL,
  PRIMARY KEY (`ID_`),
  KEY `ACT_IDX_TASK_CREATE` (`CREATE_TIME_`),
  KEY `ACT_FK_TASK_EXE` (`EXECUTION_ID_`),
  KEY `ACT_FK_TASK_PROCINST` (`PROC_INST_ID_`),
  KEY `ACT_FK_TASK_PROCDEF` (`PROC_DEF_ID_`),
  CONSTRAINT `ACT_FK_TASK_EXE` FOREIGN KEY (`EXECUTION_ID_`) REFERENCES `act_ru_execution` (`ID_`),
  CONSTRAINT `ACT_FK_TASK_PROCDEF` FOREIGN KEY (`PROC_DEF_ID_`) REFERENCES `act_re_procdef` (`ID_`),
  CONSTRAINT `ACT_FK_TASK_PROCINST` FOREIGN KEY (`PROC_INST_ID_`) REFERENCES `act_ru_execution` (`ID_`)
) ENGINE=InnoDB DEFAULT CHARSET=utf8 COLLATE=utf8_bin;

-- ----------------------------
-- Records of act_ru_task
-- ----------------------------
INSERT INTO `act_ru_task` VALUES ('30006', '1', '30001', '30001', 'xbhssq-ys:1:5004', '', null, null, 'wf-xbhssq-ys_start', null, null, null, '50', '2015-06-04 09:16:37.743', null, null, '1', '', null);

-- ----------------------------
-- Table structure for `act_ru_variable`
-- ----------------------------
DROP TABLE IF EXISTS `act_ru_variable`;
CREATE TABLE `act_ru_variable` (
  `ID_` varchar(64) COLLATE utf8_bin NOT NULL,
  `REV_` int(11) DEFAULT NULL,
  `TYPE_` varchar(255) COLLATE utf8_bin NOT NULL,
  `NAME_` varchar(255) COLLATE utf8_bin NOT NULL,
  `EXECUTION_ID_` varchar(64) COLLATE utf8_bin DEFAULT NULL,
  `PROC_INST_ID_` varchar(64) COLLATE utf8_bin DEFAULT NULL,
  `TASK_ID_` varchar(64) COLLATE utf8_bin DEFAULT NULL,
  `BYTEARRAY_ID_` varchar(64) COLLATE utf8_bin DEFAULT NULL,
  `DOUBLE_` double DEFAULT NULL,
  `LONG_` bigint(20) DEFAULT NULL,
  `TEXT_` varchar(4000) COLLATE utf8_bin DEFAULT NULL,
  `TEXT2_` varchar(4000) COLLATE utf8_bin DEFAULT NULL,
  PRIMARY KEY (`ID_`),
  KEY `ACT_IDX_VARIABLE_TASK_ID` (`TASK_ID_`),
  KEY `ACT_FK_VAR_EXE` (`EXECUTION_ID_`),
  KEY `ACT_FK_VAR_PROCINST` (`PROC_INST_ID_`),
  KEY `ACT_FK_VAR_BYTEARRAY` (`BYTEARRAY_ID_`),
  CONSTRAINT `ACT_FK_VAR_BYTEARRAY` FOREIGN KEY (`BYTEARRAY_ID_`) REFERENCES `act_ge_bytearray` (`ID_`),
  CONSTRAINT `ACT_FK_VAR_EXE` FOREIGN KEY (`EXECUTION_ID_`) REFERENCES `act_ru_execution` (`ID_`),
  CONSTRAINT `ACT_FK_VAR_PROCINST` FOREIGN KEY (`PROC_INST_ID_`) REFERENCES `act_ru_execution` (`ID_`)
) ENGINE=InnoDB DEFAULT CHARSET=utf8 COLLATE=utf8_bin;

-- ----------------------------
-- Records of act_ru_variable
-- ----------------------------
INSERT INTO `act_ru_variable` VALUES ('30003', '1', 'string', 'assignee', '30001', '30001', null, null, null, null, '3', null);

-- ----------------------------
-- Table structure for `t_cdxx`
-- ----------------------------
DROP TABLE IF EXISTS `t_cdxx`;
CREATE TABLE `t_cdxx` (
  `UUID` varchar(32) NOT NULL,
  `ID` varchar(8) NOT NULL,
  `CN_NAME` varchar(100) NOT NULL COMMENT '',
  `EN_NAME` varchar(100) DEFAULT NULL COMMENT '',
  `PATH` varchar(100) DEFAULT NULL COMMENT '',
  `PARENT_UUID` varchar(32) DEFAULT NULL COMMENT 'UUID',
  `CCSD` int(3) DEFAULT NULL COMMENT '',
  `CCSX` int(4) DEFAULT NULL COMMENT '',
  `IS_LEAF` varchar(1) NOT NULL DEFAULT '0' COMMENT '01',
  `CJR` varchar(50) DEFAULT NULL COMMENT '',
  `CJ_SJ` timestamp(6) NULL DEFAULT NULL COMMENT '',
  `XGR` varchar(50) DEFAULT NULL COMMENT '',
  `XG_SJ` timestamp(6) NULL DEFAULT NULL COMMENT '',
  PRIMARY KEY (`UUID`),
  UNIQUE KEY `I_ID` (`ID`)
) ENGINE=InnoDB DEFAULT CHARSET=utf8;

-- ----------------------------
-- Records of t_cdxx
-- ----------------------------
INSERT INTO `t_cdxx` VALUES ('0092D04006D411E588790023540C477B', 'RYGL_TJ', '', 'Add', '/JXJY/admin/ksgl/tjks.jsp', '241EA13C06D311E588790023540C477B', '2', '3', '1', null, null, null, null);
INSERT INTO `t_cdxx` VALUES ('096359ED06D411E588790023540C477B', 'CDGL_CX', '', 'Search', '/jxjymvc/cdxx/cdgl.do?main', 'BDFCE9CA06D311E588790023540C477B', '3', '5', '1', null, null, null, null);
INSERT INTO `t_cdxx` VALUES ('0D0E33FC06D411E588790023540C477B', 'RYGL_CX', '', 'Search', '/JXJY/admin/ksgl/tjks.jsp', '241EA13C06D311E588790023540C477B', '2', '4', '1', null, null, null, null);
INSERT INTO `t_cdxx` VALUES ('0E36A00006D311E588790023540C477B', 'KSJL', '', 'KSJL', '', 'E1801EBE06D211E588790023540C477B', '1', '2', '0', null, null, null, null);
INSERT INTO `t_cdxx` VALUES ('1023A60306D411E588790023540C477B', 'NJGL', '', 'NJGL', ' /jxjymvc/qjgl/njgl.do?njsq', 'EF6CA54A06D311E588790023540C477B', '2', '1', '1', null, null, null, null);
INSERT INTO `t_cdxx` VALUES ('13615A7606D411E588790023540C477B', 'LCBS', '', 'LCBS', ' /jxjymvc/lcxx/lcgl.do?lcbs', 'E671467906D311E588790023540C477B', '3', '1', '1', null, null, null, null);
INSERT INTO `t_cdxx` VALUES ('16722C0806D411E588790023540C477B', 'ZXYH', '', 'ZXYH', ' ', 'DDCD105706D311E588790023540C477B', '3', '1', '1', null, null, null, null);
INSERT INTO `t_cdxx` VALUES ('1AADBC2D06D411E588790023540C477B', 'JSGL', '', 'JSGJ', '/jxjymvc/jsxx/jsgl.do?main', 'A1B8C0D906D311E588790023540C477B', '2', '6', '1', null, null, null, null);
INSERT INTO `t_cdxx` VALUES ('1DBD9DF306D411E588790023540C477B', 'JSSQ', '', 'JSSQ', ' /jxjymvc/jsxx/jssq.do?main', 'D3E361A506D311E588790023540C477B', '3', '1', '1', null, null, null, null);
INSERT INTO `t_cdxx` VALUES ('209CC4B906D411E588790023540C477B', 'DLLJ', '', 'DLLJ', '', 'C907F4BE06D311E588790023540C477B', '2', '1', '1', null, null, null, null);
INSERT INTO `t_cdxx` VALUES ('241EA13C06D311E588790023540C477B', 'RYGL', '', 'RYGL', '', 'E1801EBE06D211E588790023540C477B', '1', '3', '0', null, null, null, null);
INSERT INTO `t_cdxx` VALUES ('8E90954D06D311E588790023540C477B', 'KSGL_TJ', '', 'Add', '/JXJY/admin/ksgl/tjks.jsp', '0E36A00006D311E588790023540C477B', '2', '1', '1', null, null, null, null);
INSERT INTO `t_cdxx` VALUES ('A1B8C0D906D311E588790023540C477B', 'XTGL', '', 'XTGL', ' ', 'E1801EBE06D211E588790023540C477B', '1', '50', '0', null, null, null, null);
INSERT INTO `t_cdxx` VALUES ('BDFCE9CA06D311E588790023540C477B', 'CDGL', '', 'CDGL', '', 'A1B8C0D906D311E588790023540C477B', '2', '2', '0', null, null, null, null);
INSERT INTO `t_cdxx` VALUES ('C907F4BE06D311E588790023540C477B', 'CYGJ', '', 'CYGJ', '', 'E1801EBE06D211E588790023540C477B', '1', '40', '0', null, null, null, null);
INSERT INTO `t_cdxx` VALUES ('D3E361A506D311E588790023540C477B', 'QXGL', '', 'QXGL', ' ', 'A1B8C0D906D311E588790023540C477B', '2', '3', '0', null, null, null, null);
INSERT INTO `t_cdxx` VALUES ('DDCD105706D311E588790023540C477B', 'XTSYQK', '', 'XTSYQK', ' ', 'A1B8C0D906D311E588790023540C477B', '2', '1', '0', null, null, null, null);
INSERT INTO `t_cdxx` VALUES ('E1801EBE06D211E588790023540C477B', 'ROOT', '', 'CD', ' ', '0', '0', '0', '0', null, null, null, null);
INSERT INTO `t_cdxx` VALUES ('E522A54C077111E5B3370023540C477B', 'NJLB', '', 'NJLB', ' /jxjymvc/qjgl/njgl.do?njlb', 'EF6CA54A06D311E588790023540C477B', '2', '3', '1', null, null, null, null);
INSERT INTO `t_cdxx` VALUES ('E671467906D311E588790023540C477B', 'LCGL', '', 'LCGL', ' ', 'A1B8C0D906D311E588790023540C477B', '2', '4', '0', null, null, null, null);
INSERT INTO `t_cdxx` VALUES ('EF6CA54A06D311E588790023540C477B', 'QJGL', '', 'QJGL', ' ', 'E1801EBE06D211E588790023540C477B', '1', '35', '0', null, null, null, null);
INSERT INTO `t_cdxx` VALUES ('F920FF7F06D311E588790023540C477B', 'YHQXGL', '', 'YHQXGL', '/jxjymvc/yhqx/qxgl.do?main', 'A1B8C0D906D311E588790023540C477B', '2', '6', '1', null, null, null, null);
INSERT INTO `t_cdxx` VALUES ('FC66084806D311E588790023540C477B', 'KSGL_CX', '', 'Search', '/JXJY/admin/ksgl/tjks.jsp', '0E36A00006D311E588790023540C477B', '2', '2', '1', null, null, null, null);

-- ----------------------------
-- Table structure for `t_dl_log`
-- ----------------------------
DROP TABLE IF EXISTS `t_dl_log`;
CREATE TABLE `t_dl_log` (
  `UUID` varchar(32) NOT NULL,
  `IP_ADDR` varchar(20) DEFAULT NULL COMMENT 'IP',
  `CJSJ` timestamp NULL DEFAULT NULL ON UPDATE CURRENT_TIMESTAMP COMMENT '',
  `USER_UUID` varchar(32) NOT NULL COMMENT '',
  `CJR` varchar(50) DEFAULT NULL COMMENT '',
  `CJ_SJ` timestamp(6) NULL DEFAULT NULL COMMENT '',
  `XGR` varchar(50) DEFAULT NULL COMMENT '',
  `XG_SJ` timestamp(6) NULL DEFAULT NULL COMMENT '',
  PRIMARY KEY (`UUID`)
) ENGINE=InnoDB DEFAULT CHARSET=utf8 COMMENT='';

-- ----------------------------
-- Records of t_dl_log
-- ----------------------------

-- ----------------------------
-- Table structure for `t_fwcd_tj`
-- ----------------------------
DROP TABLE IF EXISTS `t_fwcd_tj`;
CREATE TABLE `t_fwcd_tj` (
  `UUID` varchar(32) NOT NULL,
  `CD_UUID` varchar(32) DEFAULT NULL COMMENT '',
  `DLXX` varchar(50) DEFAULT NULL COMMENT '',
  `USER_UUID` varchar(32) DEFAULT NULL COMMENT '',
  `CJR` varchar(50) DEFAULT NULL COMMENT '',
  `CJ_SJ` timestamp(6) NULL DEFAULT NULL COMMENT '',
  `XGR` varchar(50) DEFAULT NULL COMMENT '',
  `XG_SJ` timestamp(6) NULL DEFAULT NULL COMMENT '',
  PRIMARY KEY (`UUID`)
) ENGINE=InnoDB DEFAULT CHARSET=utf8 COMMENT='';

-- ----------------------------
-- Records of t_fwcd_tj
-- ----------------------------

-- ----------------------------
-- Table structure for `t_qjxx`
-- ----------------------------
DROP TABLE IF EXISTS `t_qjxx`;
CREATE TABLE `t_qjxx` (
  `UUID` varchar(32) NOT NULL COMMENT 'uuid',
  `KSSJ` timestamp(6) NULL DEFAULT NULL COMMENT '',
  `JSSJ` timestamp(6) NULL DEFAULT NULL COMMENT '',
  `YY` varchar(500) DEFAULT NULL COMMENT '',
  `YWLX_ID` varchar(8) DEFAULT NULL COMMENT 'T_YW_LX',
  `RW_UUID` varchar(64) DEFAULT NULL COMMENT 'UUID',
  `USER_UUID` varchar(32) DEFAULT NULL COMMENT '',
  `CJR` varchar(50) DEFAULT NULL COMMENT '',
  `CJ_SJ` timestamp(6) NULL DEFAULT NULL COMMENT '',
  `XGR` varchar(50) DEFAULT NULL COMMENT '',
  `XG_SJ` timestamp(6) NULL DEFAULT NULL COMMENT '',
  PRIMARY KEY (`UUID`)
) ENGINE=InnoDB DEFAULT CHARSET=utf8;

-- ----------------------------
-- Records of t_qjxx
-- ----------------------------
INSERT INTO `t_qjxx` VALUES ('1', '2015-06-02 10:18:08.000000', '2015-06-02 10:18:11.000000', 'erge', '1', 'wewf', '3', 'sdfsfd', '2015-06-02 10:18:31.000000', 'sfds', '2015-06-02 10:18:42.000000');
INSERT INTO `t_qjxx` VALUES ('6', '2015-05-28 00:00:00.000000', '2015-05-28 00:00:00.000000', 'dddddddd', '1', '15001', '3', 'supadmin', '2015-06-02 10:10:20.000000', 'supadmin', '2015-06-02 10:10:35.000000');
INSERT INTO `t_qjxx` VALUES ('BC242E9A96122D073D0DDB0E960045EF', '2015-06-04 00:00:00.000000', '2015-06-04 00:00:00.000000', '', '00010001', null, '3', '3', null, 'supadmin', '2015-06-04 09:16:37.000000');

-- ----------------------------
-- Table structure for `t_role`
-- ----------------------------
DROP TABLE IF EXISTS `t_role`;
CREATE TABLE `t_role` (
  `UUID` varchar(32) NOT NULL COMMENT '',
  `ID` varchar(20) NOT NULL DEFAULT '' COMMENT 'ID',
  `NAME` varchar(100) NOT NULL DEFAULT '' COMMENT '',
  `BZ` varchar(200) DEFAULT '' COMMENT '',
  `YX_BZ` varchar(1) DEFAULT '1' COMMENT '10',
  `CJR` varchar(50) DEFAULT NULL COMMENT '',
  `CJ_SJ` timestamp(6) NULL DEFAULT NULL COMMENT '',
  `XGR` varchar(50) DEFAULT NULL COMMENT '',
  `XG_SJ` timestamp(6) NULL DEFAULT NULL COMMENT '',
  PRIMARY KEY (`UUID`),
  UNIQUE KEY `I_ROLE` (`ID`)
) ENGINE=InnoDB DEFAULT CHARSET=utf8;

-- ----------------------------
-- Records of t_role
-- ----------------------------
INSERT INTO `t_role` VALUES ('823405E3077411E5B3370023540C477B', 'CJGLY', '', '', '1', null, null, null, null);
INSERT INTO `t_role` VALUES ('8E5F0CB1077411E5B3370023540C477B', 'qwe', 'er', 'dwq', '1', null, null, null, null);
INSERT INTO `t_role` VALUES ('92397849077411E5B3370023540C477B', 'EFD', 'FGAR', 'SDFE', '1', null, null, null, null);
INSERT INTO `t_role` VALUES ('9701F267077411E5B3370023540C477B', 'df', 'sdf', 'gr', '1', null, null, null, null);
INSERT INTO `t_role` VALUES ('9A0B3722077411E5B3370023540C477B', 'yth', 'tr', 'gf', '1', null, null, null, null);
INSERT INTO `t_role` VALUES ('9DBC7589077411E5B3370023540C477B', 'yth1', 'tr', 'gf', '1', null, null, null, null);

-- ----------------------------
-- Table structure for `t_role_cd_gx`
-- ----------------------------
DROP TABLE IF EXISTS `t_role_cd_gx`;
CREATE TABLE `t_role_cd_gx` (
  `UUID` varchar(32) NOT NULL COMMENT '',
  `ROLE_UUID` varchar(32) DEFAULT NULL COMMENT '',
  `CD_UUID` varchar(32) DEFAULT NULL COMMENT '',
  `CJR` varchar(50) DEFAULT NULL COMMENT '',
  `CJ_SJ` timestamp(6) NULL DEFAULT NULL COMMENT '',
  `XGR` varchar(50) DEFAULT NULL COMMENT '',
  `XG_SJ` timestamp(6) NULL DEFAULT NULL COMMENT '',
  PRIMARY KEY (`UUID`)
) ENGINE=InnoDB DEFAULT CHARSET=utf8;

-- ----------------------------
-- Records of t_role_cd_gx
-- ----------------------------
INSERT INTO `t_role_cd_gx` VALUES ('9A91AF97077711E5B3370023540C477B', '823405E3077411E5B3370023540C477B', '0E36A00006D311E588790023540C477B', null, null, null, null);
INSERT INTO `t_role_cd_gx` VALUES ('9A98DE11077711E5B3370023540C477B', '823405E3077411E5B3370023540C477B', '8E90954D06D311E588790023540C477B', null, null, null, null);
INSERT INTO `t_role_cd_gx` VALUES ('9A999BCD077711E5B3370023540C477B', '823405E3077411E5B3370023540C477B', 'FC66084806D311E588790023540C477B', null, null, null, null);
INSERT INTO `t_role_cd_gx` VALUES ('9AA01427077711E5B3370023540C477B', '823405E3077411E5B3370023540C477B', '241EA13C06D311E588790023540C477B', null, null, null, null);
INSERT INTO `t_role_cd_gx` VALUES ('9AA0C23C077711E5B3370023540C477B', '823405E3077411E5B3370023540C477B', '0092D04006D411E588790023540C477B', null, null, null, null);
INSERT INTO `t_role_cd_gx` VALUES ('9AA14DB2077711E5B3370023540C477B', '823405E3077411E5B3370023540C477B', '0D0E33FC06D411E588790023540C477B', null, null, null, null);
INSERT INTO `t_role_cd_gx` VALUES ('9AA20D63077711E5B3370023540C477B', '823405E3077411E5B3370023540C477B', 'EF6CA54A06D311E588790023540C477B', null, null, null, null);
INSERT INTO `t_role_cd_gx` VALUES ('9AA2B481077711E5B3370023540C477B', '823405E3077411E5B3370023540C477B', '1023A60306D411E588790023540C477B', null, null, null, null);
INSERT INTO `t_role_cd_gx` VALUES ('9AA34B10077711E5B3370023540C477B', '823405E3077411E5B3370023540C477B', 'E522A54C077111E5B3370023540C477B', null, null, null, null);
INSERT INTO `t_role_cd_gx` VALUES ('9AA3F670077711E5B3370023540C477B', '823405E3077411E5B3370023540C477B', 'C907F4BE06D311E588790023540C477B', null, null, null, null);
INSERT INTO `t_role_cd_gx` VALUES ('9AA4B4F1077711E5B3370023540C477B', '823405E3077411E5B3370023540C477B', '209CC4B906D411E588790023540C477B', null, null, null, null);
INSERT INTO `t_role_cd_gx` VALUES ('9AA8C4BB077711E5B3370023540C477B', '823405E3077411E5B3370023540C477B', 'A1B8C0D906D311E588790023540C477B', null, null, null, null);
INSERT INTO `t_role_cd_gx` VALUES ('9AA9FFC3077711E5B3370023540C477B', '823405E3077411E5B3370023540C477B', 'DDCD105706D311E588790023540C477B', null, null, null, null);
INSERT INTO `t_role_cd_gx` VALUES ('9AAA8630077711E5B3370023540C477B', '823405E3077411E5B3370023540C477B', '16722C0806D411E588790023540C477B', null, null, null, null);
INSERT INTO `t_role_cd_gx` VALUES ('9AAAFD01077711E5B3370023540C477B', '823405E3077411E5B3370023540C477B', 'BDFCE9CA06D311E588790023540C477B', null, null, null, null);
INSERT INTO `t_role_cd_gx` VALUES ('9AAB7938077711E5B3370023540C477B', '823405E3077411E5B3370023540C477B', '096359ED06D411E588790023540C477B', null, null, null, null);
INSERT INTO `t_role_cd_gx` VALUES ('9AABF15F077711E5B3370023540C477B', '823405E3077411E5B3370023540C477B', 'D3E361A506D311E588790023540C477B', null, null, null, null);
INSERT INTO `t_role_cd_gx` VALUES ('9AACAE4F077711E5B3370023540C477B', '823405E3077411E5B3370023540C477B', '1DBD9DF306D411E588790023540C477B', null, null, null, null);
INSERT INTO `t_role_cd_gx` VALUES ('9AAD373B077711E5B3370023540C477B', '823405E3077411E5B3370023540C477B', 'E671467906D311E588790023540C477B', null, null, null, null);
INSERT INTO `t_role_cd_gx` VALUES ('9AADC423077711E5B3370023540C477B', '823405E3077411E5B3370023540C477B', '13615A7606D411E588790023540C477B', null, null, null, null);
INSERT INTO `t_role_cd_gx` VALUES ('9AAE5B60077711E5B3370023540C477B', '823405E3077411E5B3370023540C477B', '1AADBC2D06D411E588790023540C477B', null, null, null, null);

-- ----------------------------
-- Table structure for `t_user`
-- ----------------------------
DROP TABLE IF EXISTS `t_user`;
CREATE TABLE `t_user` (
  `UUID` varchar(32) NOT NULL,
  `ID` varchar(20) DEFAULT NULL COMMENT 'ID',
  `PWD` varchar(20) DEFAULT NULL COMMENT '',
  `NAME` varchar(20) DEFAULT NULL COMMENT '',
  `KSDM` varchar(20) DEFAULT NULL,
  `XB` varchar(1) DEFAULT NULL,
  `CJ` varchar(20) DEFAULT NULL,
  `ZC` varchar(20) DEFAULT NULL,
  `XL` varchar(20) DEFAULT NULL,
  `CJR` varchar(50) DEFAULT NULL COMMENT '',
  `CJ_SJ` timestamp(6) NULL DEFAULT NULL COMMENT '',
  `XGR` varchar(50) DEFAULT NULL COMMENT '',
  `XG_SJ` timestamp(6) NULL DEFAULT NULL COMMENT '',
  `EMAIL` varchar(50) DEFAULT NULL COMMENT '',
  `STATUS` char(1) DEFAULT NULL COMMENT '10',
  `ACTIVE` char(1) DEFAULT NULL COMMENT '10',
  `SESSION_OUT_TIME` int(11) DEFAULT '30' COMMENT '',
  `PHONE` varchar(20) DEFAULT NULL COMMENT '',
  `LOGIN_ID` varchar(20) DEFAULT NULL,
  PRIMARY KEY (`UUID`)
) ENGINE=InnoDB DEFAULT CHARSET=utf8;

-- ----------------------------
-- Records of t_user
-- ----------------------------
INSERT INTO `t_user` VALUES ('1', '123456', '123456', '', 'KS01', '1', '01', '', '', null, null, null, null, null, null, null, null, null, null);
INSERT INTO `t_user` VALUES ('2', '123', '123456', '34', 'KS01', '1', '01', 'dsdf', 'sdf', null, null, null, null, null, null, null, null, null, null);
INSERT INTO `t_user` VALUES ('3', 'supadmin', '123456', '', null, null, null, null, null, null, null, null, null, null, null, null, null, null, 'supadmin');

-- ----------------------------
-- Table structure for `t_user_role_gx`
-- ----------------------------
DROP TABLE IF EXISTS `t_user_role_gx`;
CREATE TABLE `t_user_role_gx` (
  `UUID` varchar(32) NOT NULL COMMENT '',
  `ROLE_UUID` varchar(32) NOT NULL COMMENT '',
  `USER_UUID` varchar(32) DEFAULT NULL COMMENT '',
  `CJR` varchar(50) DEFAULT NULL COMMENT '',
  `CJ_SJ` timestamp(6) NULL DEFAULT NULL COMMENT '',
  `XGR` varchar(50) DEFAULT NULL COMMENT '',
  `XG_SJ` timestamp(6) NULL DEFAULT NULL COMMENT '',
  PRIMARY KEY (`UUID`)
) ENGINE=InnoDB DEFAULT CHARSET=utf8;

-- ----------------------------
-- Records of t_user_role_gx
-- ----------------------------
INSERT INTO `t_user_role_gx` VALUES ('1', '823405E3077411E5B3370023540C477B', '3', null, null, null, null);

-- ----------------------------
-- Table structure for `t_wdscj`
-- ----------------------------
DROP TABLE IF EXISTS `t_wdscj`;
CREATE TABLE `t_wdscj` (
  `UUID` varchar(32) NOT NULL,
  `CD_UUID` varchar(32) NOT NULL COMMENT 'pkey',
  `USER_UUID` varchar(32) DEFAULT NULL COMMENT '',
  `CJR` varchar(50) DEFAULT NULL COMMENT '',
  `CJ_SJ` timestamp(6) NULL DEFAULT NULL COMMENT '',
  `XGR` varchar(50) DEFAULT NULL COMMENT '',
  `XG_SJ` timestamp(6) NULL DEFAULT NULL COMMENT '',
  PRIMARY KEY (`UUID`),
  UNIQUE KEY `I_U_CD_USER` (`CD_UUID`)
) ENGINE=InnoDB DEFAULT CHARSET=utf8 COMMENT='';

-- ----------------------------
-- Records of t_wdscj
-- ----------------------------
INSERT INTO `t_wdscj` VALUES ('1', '096359ED06D411E588790023540C477B', '3', null, null, null, null);

-- ----------------------------
-- Table structure for `t_wf_spyj`
-- ----------------------------
DROP TABLE IF EXISTS `t_wf_spyj`;
CREATE TABLE `t_wf_spyj` (
  `ID` varchar(32) NOT NULL DEFAULT '',
  `YW_ID` varchar(32) DEFAULT NULL COMMENT 'ID',
  `SPYJ` varchar(200) DEFAULT NULL COMMENT '',
  `CJR` varchar(20) DEFAULT NULL COMMENT '',
  `CJ_SJ` timestamp NULL DEFAULT NULL ON UPDATE CURRENT_TIMESTAMP,
  PRIMARY KEY (`ID`)
) ENGINE=InnoDB DEFAULT CHARSET=utf8;

-- ----------------------------
-- Records of t_wf_spyj
-- ----------------------------

-- ----------------------------
-- Table structure for `t_wf_yhrw`
-- ----------------------------
DROP TABLE IF EXISTS `t_wf_yhrw`;
CREATE TABLE `t_wf_yhrw` (
  `UUID` varchar(32) NOT NULL DEFAULT '',
  `YW_UUID` varchar(32) DEFAULT NULL COMMENT 'UUID',
  `YWLX_ID` varchar(8) DEFAULT NULL COMMENT 'ID',
  `ZX_ZT` varchar(1) DEFAULT NULL COMMENT '1',
  `CJR` varchar(20) DEFAULT NULL,
  `CJ_SJ` timestamp NULL DEFAULT NULL ON UPDATE CURRENT_TIMESTAMP,
  `XGR` varchar(20) DEFAULT NULL,
  `XG_SJ` timestamp NULL DEFAULT NULL ON UPDATE CURRENT_TIMESTAMP,
  `PROC_INS_ID` varchar(64) DEFAULT NULL COMMENT 'ID',
  PRIMARY KEY (`UUID`)
) ENGINE=InnoDB DEFAULT CHARSET=utf8 COMMENT='';

-- ----------------------------
-- Records of t_wf_yhrw
-- ----------------------------
INSERT INTO `T_WF_YHRW` VALUES ('BC242EC396122D075157E4C18DCE4763', 'BC242E9A96122D073D0DDB0E960045EF', '00010001', null, '3', '2015-06-04 09:16:37', 'supadmin', '2015-06-04 09:16:37', null);

-- ----------------------------
-- Table structure for `t_yw_lx`
-- ----------------------------
DROP TABLE IF EXISTS `t_yw_lx`;
CREATE TABLE `t_yw_lx` (
  `YW_ID` varchar(8) NOT NULL DEFAULT '' COMMENT 'ID:4',
  `YW_NAME` varchar(100) DEFAULT '' COMMENT '',
  PRIMARY KEY (`YW_ID`)
) ENGINE=InnoDB DEFAULT CHARSET=utf8 COMMENT='';

-- ----------------------------
-- Records of t_yw_lx
-- ----------------------------
INSERT INTO `T_YW_LX` VALUES ('00010001', '');
INSERT INTO `T_YW_LX` VALUES ('00010002', '');
INSERT INTO `T_YW_LX` VALUES ('00020001', '');
INSERT INTO `T_YW_LX` VALUES ('00030001', '');
